country,region,happiness_rank,happiness_score,economy,family,health,freedom,trust,generosity,dystopia_residual
Switzerland,Western Europe,-0.9936305732484076,7.587,0.6677968774641221,1.1844710486934502,0.8178915474395033,1.1428183300126786,2.674027025874931,0.4889388826396699,0.4506171476517482
Iceland,Western Europe,-0.9808917197452228,7.561,0.519255637912001,1.3361920110509962,0.8353102623676953,0.9761818511139287,0.3011211049064324,1.3608298962629672,0.7223976388674221
Denmark,Western Europe,-0.9681528662420382,7.527,0.5557798454502443,1.2163289973523654,0.6363945162298401,1.0695073356276033,3.217869474402149,0.767716535433071,0.4133159634053891
Norway,Western Europe,-0.9554140127388536,7.522,0.7663460022078535,1.1310579026131005,0.6651177325778885,1.1616554971925377,2.207255211219575,0.8027121609798776,0.3739686605283112
Canada,North America,-0.9426751592356688,7.427,0.5570572464910896,1.1070565212386327,0.7206076169513175,0.995200144901286,1.90494053454964,1.4971253593300835,0.3540226839482734
Finland,Western Europe,-0.929936305732484,7.406,0.5002207853650841,1.0945378151260503,0.6757157026590035,1.0346857453359897,2.622362419540475,0.0935508061492312,0.6010142271486086
Netherlands,Western Europe,-0.9171974522292994,7.378,0.5620249172054879,0.9849199953954187,0.6858517099417112,0.9172704220249952,1.807493925572275,1.6095488063992005,0.3745427513671461
Sweden,Western Europe,-0.9044585987261148,7.364,0.5656047941964988,1.0105329803154135,0.7348469408551747,1.116690816881,2.8331130909245923,0.9003874515685538,0.2354214047561219
New Zealand,Australia and New Zealand,-0.89171974522293,7.286,0.4370288598012931,1.098595602624611,0.7280533702903573,1.0242256837529429,2.7545078647853707,1.602737157855268,0.0780027526919712
Australia,Australia and New Zealand,-0.8789808917197452,7.284,0.5685538558586972,1.0685507079544143,0.7910705308496041,1.0779297228762903,2.1334242721343624,1.3565804274465691,0.0812559341120362
Israel,Middle East and Northern Africa,-0.8662420382165605,7.278,0.4029490616621982,0.8230689536088408,0.7429992255329556,0.0,-0.2411014962274607,0.707286589176353,1.2913805412646195
Costa Rica,Latin America and Caribbean,-0.8535031847133758,7.226,-0.0272512222046996,0.8632151490733283,0.5973450726232693,0.998777395399384,-0.0025576537789335,0.2276590426196723,1.4220082875164688
Austria,Western Europe,-0.8407643312101911,7.2,0.574310045734111,1.0334695522044437,0.679275533634968,0.9560767976815796,0.6874120806513493,0.702037245344332,0.4739046273193639
Mexico,Latin America and Caribbean,-0.8280254777070064,7.187,0.0748777795300425,-0.0673995625647519,0.4728053370290359,0.3107226951639196,0.912144592693636,-0.4861892263467067,2.0474140151766065
United States,North America,-0.8152866242038217,7.119,0.6646428008200597,0.8897778289397951,0.6014755635266783,0.601566745154863,0.4498912997143955,1.1405449318835146,0.4399155056047462
Brazil,Latin America and Caribbean,-0.802547770700637,6.983,0.0129001734742153,0.8487970530678023,0.1537249147406894,0.3500271689911246,0.5889424101624111,-0.4549431321084864,1.5437891467390903
Luxembourg,Western Europe,-0.7898089171974523,6.946,0.9317930925721492,0.8106941406699667,0.7567765866384054,0.917587393588118,2.317660599343536,0.3862017247844017,-0.3557155159089399
Ireland,Western Europe,-0.7770700636942676,6.94,0.5723072070651316,1.2419419822723614,0.6926181062242693,0.9263720340518022,1.5422652286968757,1.5027496562929632,-0.3467508666563621
Belgium,Western Europe,-0.7643312101910829,6.937,0.5279293486831729,1.0007194658685394,0.6962594600470114,0.7757199782648071,1.0168378873779786,0.0247469066366703,0.2996754178718895
United Arab Emirates,Middle East and Northern Africa,-0.7515923566878981,6.901,0.7163065762498028,0.5405203177161276,0.4587018845364748,1.0341423655134936,2.384585873225628,0.2858392700912386,0.0532432452324703
United Kingdom,Western Europe,-0.7388535031847133,6.867,0.4625611102349786,1.000201450443191,0.7309338442098398,0.8289259192175327,1.8290634724412809,1.878390201224847,-0.355229746737618
Oman,Middle East and Northern Africa,-0.7261146496815286,6.853,0.6103926825421855,0.4140957752964199,0.3323686463131293,0.9941586669081685,1.8680250650070336,-0.0194975628046494,0.3880706867745663
Venezuela,Latin America and Caribbean,-0.7133757961783439,6.81,0.1122535877621826,0.9152469206860828,0.2175844780499737,0.0719525448288354,0.0388763374397885,-1.000687414073241,1.4426608374366112
Singapore,Southeastern Asia,-0.7006369426751592,6.798,0.8654786311307363,0.2361862553240474,1.045666381336703,0.5856276036949827,3.2905920968498235,0.5781152355955504,-0.4802490671023864
Panama,Latin America and Caribbean,-0.6878980891719745,6.786,0.142674656994165,0.7498848854610335,0.4243535917607578,0.5837257743162471,-0.1144976341702544,0.1612298462692163,0.9380055495447756
Germany,Western Europe,-0.6751592356687898,6.75,0.5596278189560004,1.0401749740992288,0.6831886302803027,0.912787538489404,0.9574150645807582,0.3974503187101612,-0.1406816960704217
Chile,Latin America and Caribbean,-0.6624203821656051,6.67,0.211465068601167,0.5368366524692071,0.5927254446391937,0.1273772867234196,0.192335564175796,0.7192225971753529,0.6838893918317182
Qatar,Middle East and Northern Africa,-0.6496815286624203,6.611,1.1313042106923197,0.4048290549096351,0.4263101400834251,1.0288444122441585,3.5461869644912403,0.6698537682789651,-0.9634716303443804
France,Western Europe,-0.6369426751592356,6.575,0.4805551174893547,0.927967077241856,0.829739534504545,0.6199963774678499,0.8553646788013131,-0.5950506186726661,0.0
Argentina,Latin America and Caribbean,-0.6242038216560509,6.574,0.1268727330074119,0.8930010360308507,0.3988641150015625,0.1655044376018835,-0.1815081631783111,-0.65010623672041,0.9196346427020544
Czech Republic,Central and Eastern Europe,-0.6114649681528662,6.505,0.3247437312726697,0.7727063428110968,0.5553879808149568,0.2284459337076615,-0.6787160578029755,-0.697912760904887,0.6867892865817311
Uruguay,Latin America and Caribbean,-0.5987261146496815,6.485,0.1397255953319665,0.7798146655922646,0.4650878408674031,0.8622984966491578,1.188882731574236,0.0866141732283463,0.1621585815540198
Colombia,Latin America and Caribbean,-0.5859872611464968,6.477,-0.0858697366346002,0.8698342350638889,0.1367409883286458,0.5500362253214998,-0.4683064069227163,-0.2157855268091489,0.9510918766146308
Thailand,Southeastern Asia,-0.5732484076433121,6.455,-0.0097145560637124,0.9413779210314264,0.2664438375521408,0.6495652961420032,-0.6331045654119954,2.235720534933133,0.1592586868040068
Saudi Arabia,Middle East and Northern Africa,-0.5605095541401274,6.411,0.6660621353098879,0.4201680672268909,0.2168507724289731,-0.4650878464046368,1.8680250650070336,-0.5091863517060369,0.3348274415420966
Spain,Western Europe,-0.5477707006369427,6.329,0.4053777006781264,1.0816737653965698,0.8564518539654072,0.2097446114834267,-0.359350355940151,-0.2266591676040496,-0.1289349142911812
Malta,Western Europe,-0.535031847133758,6.302,0.3695631603847972,1.047830090940486,0.6705525890297425,0.8624343416047817,0.2534634894923058,1.8683914510686164,-0.8279567518234741
Taiwan,Eastern Asia,-0.5222929936305732,6.298,0.5013720233401671,0.3978358466674343,0.6381880188589518,-0.0714997283100888,-0.2117737328956904,0.220097487814023,0.1648229518573315
Kuwait,Middle East and Northern Africa,-0.5095541401273885,6.295,0.9165115912316666,0.6561816507424888,0.2295411622440523,0.6420938235826841,1.2784858689628715,-0.351581052368454,-0.4930115480580271
Suriname,Latin America and Caribbean,-0.4968152866242038,6.269,0.0351364138148556,0.0980488085645215,-0.0876370602861452,0.8303749320775222,0.2574704804126349,-0.3038995125609299,0.8533050703997294
Trinidad and Tobago,Latin America and Caribbean,-0.4840764331210191,6.168,0.3765494401513955,0.7068320478876484,-0.0696205111482492,0.6595272595544285,-0.8076218082612219,0.62429696287964,0.084729919700884
El Salvador,Latin America and Caribbean,-0.4713375796178344,6.13,-0.3288440309099511,0.2507770231380221,0.1003274501012243,-0.0438779206665458,0.0991517114966537,-0.6975378077740283,1.212568173287112
Guatemala,Latin America and Caribbean,-0.4585987261146497,6.123,-0.3588235294117646,0.3039887187751814,0.0103262272585226,0.7432530338706755,-0.0972760987254359,0.352143482064742,0.7820736455504284
Uzbekistan,Central and Eastern Europe,-0.445859872611465,6.003,-0.537170793250276,1.1583400483481066,-0.1161157080938597,1.1094910342329285,1.7232618611194,0.0614298212723408,0.0384935267577856
Slovakia,Central and Eastern Europe,-0.4331210191082802,5.995,0.3088629553698152,0.9556233452285025,0.403728311525972,-0.4332548451367504,-0.61230231467667,-0.3100237470316211,0.05171233632891
Japan,Eastern Asia,-0.4203821656050955,5.987,0.469452767702255,0.9185852423161048,0.952893381703556,0.3756565839521824,0.6348949230572489,-0.6967254093238345,-0.7756261638219726
South Korea,Eastern Asia,-0.4076433121019108,5.984,0.4282447563475791,0.0570104754230459,0.8829739534504546,-0.3672794783553704,-0.2349631271580204,-0.2060367454068241,0.0125416767868581
Ecuador,Latin America and Caribbean,-0.3949044585987261,5.975,-0.1719602586342848,0.1758374582709795,0.4084294623568255,0.328518384350661,0.6374525768361824,-0.6444819397575304,0.4830606401848867
Bahrain,Middle East and Northern Africa,-0.3821656050955414,5.96,0.5530673395363507,0.8009381834925752,0.2899767659886685,0.1889603332729577,1.7039942026514343,-0.2807149106361706,-0.6966960336211144
Italy,Western Europe,-0.3694267515923566,5.948,0.4385428165904428,0.7477840451248994,0.8532996372233318,-0.6829831552255026,-0.6574875314378278,0.0605549306336706,-0.2739149315139063
Bolivia,Latin America and Caribbean,-0.3566878980891719,5.89,-0.4600693896861693,0.1164959134338666,-0.2751396078751068,0.7288081869226587,-0.1545675433735454,-0.0823647044119486,0.900998770856794
Moldova,Central and Eastern Europe,-0.3439490445859872,5.889,-0.5970351679545812,0.2226027397260272,-0.0602997323333195,-0.3849393225864878,-0.7671256234281087,-0.0564304461942257,1.3187308176378374
Paraguay,Latin America and Caribbean,-0.3312101910828025,5.878,-0.3362403406402775,1.0557154368596755,0.055788801478281,0.5696431805832274,-0.2021399036617077,0.7740282464691912,-0.032826219759029
Kazakhstan,Central and Eastern Europe,-0.3184713375796178,5.855,0.2357356883772276,0.5309082537124437,0.0087772931697443,0.4677594638652417,-0.1840658169572445,-0.6266091738532684,0.0530371613416064
Slovenia,Central and Eastern Europe,-0.3057324840764331,5.848,0.334205961204857,0.9667318982387476,0.6329433823829128,0.8846223510233654,-0.5819514898333263,0.217097862767154,-0.8764895081219128
Lithuania,Central and Eastern Europe,-0.2929936305732484,5.833,0.2746727645481783,0.9195349372625764,0.246824005760948,-0.9045915595000904,-0.8169146169913467,-1.2006624171978504,0.3462650974850406
Nicaragua,Latin America and Caribbean,-0.2802547770700637,5.828,-0.5989749250906796,0.5868251410153101,0.279052704520442,0.6410070639376921,0.7420606163945609,0.3725159355080615,0.1660594552025143
Peru,Latin America and Caribbean,-0.267515923566879,5.824,-0.1149187825264153,0.1055024749625875,0.2438076604301689,0.0080148523818148,-0.3942197024596104,-0.4294463192100988,0.5641399309618969
Belarus,Central and Eastern Europe,-0.2547770700636942,5.813,0.0928244756347577,0.8488546103372858,0.2598676612453973,-0.1530972649882268,0.7227077028006309,-0.6754155730533684,-0.118292153355855
Poland,Central and Eastern Europe,-0.2420382165605095,5.791,0.2404825737265415,0.9829342695982504,0.3765812035489613,0.5344593370766165,-0.5457180612984357,-0.3183977002874642,-0.5087475251532745
Malaysia,Southeastern Asia,-0.2292993630573248,5.77,0.2393944172843398,0.3807413376309428,0.2268780825826439,0.5300217351929,-0.0095485741080182,0.7012248468941381,-0.4796602559856326
Croatia,Central and Eastern Europe,-0.2165605095541401,5.759,0.1726541554959785,-0.4077644756532754,0.4010924061468228,-0.6989675783372576,-0.6976426957670832,-1.025496812898388,0.7991344476583722
Libya,Middle East and Northern Africa,-0.2038216560509554,5.754,0.2497870998265257,0.5200011511453896,0.1721490781124744,0.0158032965042564,0.0349546016454238,-0.2224096987876516,-0.1775265517012955
Russia,Central and Eastern Europe,-0.1910828025477707,5.716,0.2595489670398989,0.85829400253252,0.0782891071889563,-0.2101068646984241,-0.6486209983375252,-1.353268341457318,0.0922667019953341
Jamaica,Latin America and Caribbean,-0.1783439490445859,5.709,-0.2565525942280398,0.6132439277080693,0.1276104294895311,0.4131045100525266,-0.7088111172684259,-0.0389951256092989,0.1606276726504601
North Cyprus,Western Europe,-0.1656050955414012,5.695,0.3706040056773377,0.380309658109819,0.7693311050421883,0.3490309726498821,0.3126305469116331,0.2696537932758403,-0.9014403791943588
Cyprus,Western Europe,-0.1528662420382165,5.689,0.3707143983598799,-0.1287843904685164,0.7693311050421883,-0.0292972287629051,-0.380834647683192,0.5489313835770527,-0.4739193475972822
Algeria,Middle East and Northern Africa,-0.1401273885350318,5.605,-0.0532565841349945,0.4022965350523771,-0.0619301892688758,-0.5768882448831733,0.5771772027793173,-0.8768903887014123,0.3250678972819011
Kosovo,Central and Eastern Europe,-0.1273885350318471,5.589,-0.2705882352941177,-0.3624669045700473,-0.0248101197027132,-0.7503169715631226,-0.5006180996632423,0.4034495688038995,0.8162835714338289
Turkmenistan,Central and Eastern Europe,-0.1146496815286624,5.548,-0.0230089891184355,0.8309830781627721,-0.276063533471922,0.2848668719434885,1.72479645338676,-0.3046494188226473,-0.5025797287052777
Mauritius,Sub-Saharan Africa,-0.1019108280254777,5.477,0.0544866740261786,0.1360653850581328,0.1876384190002583,0.6677685201956168,-0.2636088494820752,0.9930008748906386,-0.6621328210676615
Hong Kong,Eastern Asia,-0.0891719745222929,5.474,0.6512852862324552,0.3460630827673532,1.013138765472357,0.8281561311356639,2.2601986444434976,1.1013623297087864,-2.291903111130737
Estonia,Central and Eastern Europe,-0.0764331210191082,5.429,0.2817852073805392,0.834522850235985,0.3618527425644371,0.1616102155406629,0.3897011807834947,-0.8232720909886266,-0.9177210065726036
Indonesia,Southeastern Asia,-0.0636942675159235,5.399,-0.2283393786469012,0.4292333371704848,-0.0068479191293359,0.2396305017207028,-0.9048126518606932,1.8548306461692288,-0.5111910912878032
Vietnam,Southeastern Asia,-0.0509554140127388,5.36,-0.5376123639804447,-0.0738747553816049,0.2888897946982975,0.8207299402282192,-0.0146638816658851,-0.3120859892513437,-0.014028424856661
Turkey,Middle East and Northern Africa,-0.0382165605095541,5.332,0.1386532092729853,0.0241452745481754,0.2480196741803559,-0.8378916862887157,0.4376145615755147,-0.5999875015623048,-0.1854460612216355
Kyrgyzstan,Central and Eastern Europe,-0.0254777070063694,5.286,-0.7865951742627345,0.6136180499597097,0.0283427763964185,0.097717804745517,-0.5440129587791467,0.510936132983377,0.0315602758580083
Nigeria,Sub-Saharan Africa,-0.0127388535031847,5.268,-0.5026178836145718,-0.0967249913664096,-1.3053981711708038,-0.3162923383445029,-0.5612344942239653,0.3361454818147732,1.0038199121199414
Bhutan,Southern Asia,0.0,5.253,-0.3195710455764075,0.4777828939795095,-0.180382885637033,0.5382629958340879,0.4119527686602158,1.633795775528059,-0.8439429736433421
Azerbaijan,Central and Eastern Europe,0.0127388535031847,5.212,0.080160857908847,0.0,0.0,-0.1942130048904183,0.4648109467581738,-0.8783277090363705,-0.309906011025488
Pakistan,Southern Asia,0.0254777070063694,5.194,-0.5955369815486515,-1.507482445032808,-0.341825296539355,-1.3229940228219523,-0.0127030137687028,0.7384701912260967,1.3186866568040807
Jordan,Middle East and Northern Africa,0.0382165605095541,5.192,-0.1120958839299795,0.3338033843674455,0.1520129349583553,-0.0297953269335264,0.3137388635491709,-0.6749781277340333,-0.4876828074514042
Montenegro,Central and Eastern Europe,0.0382165605095541,5.192,0.0020816905850811,-0.0931276620237137,0.2303292164295712,-1.0441496105777937,0.3139946289270643,-0.3570803649543808,-0.1635275674004724
China,Eastern Asia,0.0636942675159235,5.14,-0.1307995584292698,0.0253827558420626,0.4786206334325195,0.4699329831552256,-0.6677181465535617,-0.8542057242844645,-0.5164756710606692
Zambia,Sub-Saharan Africa,0.0764331210191082,5.129,-0.7927456237186562,-0.0627662023713595,-0.9272136849685456,0.33997464227495,0.1581482586640522,-0.1414198225221848,0.6227266370789085
Romania,Central and Eastern Europe,0.0891719745222929,5.124,0.1110077274877778,-0.1497927938298608,0.3490536556203211,-0.2830556058685021,-0.8494820751097661,-0.5065616797900264,-0.4121236208939622
Serbia,Central and Eastern Europe,0.1019108280254777,5.123,-0.0828418230563003,0.2063715897317833,0.2932376798597808,-0.960514399565296,-0.6816999872117312,-0.1639170103737033,-0.274179896516446
Portugal,Western Europe,0.1146496815286624,5.102,0.2946696104715343,0.5796592609646601,0.6378891017541001,0.4596087665278027,-0.8129076260710176,-0.5083739532558431,-1.3934803889097422
Latvia,Central and Eastern Europe,0.1273885350318471,5.098,0.2208799873836935,0.4538102912397837,0.2280465767197923,-0.5274406810360442,-0.3649771942538046,-0.2267216597925259,-0.8671862924772017
Philippines,Southeastern Asia,0.1401273885350318,5.073,-0.4222362403406403,0.2798146655922645,-0.1611706680797292,0.961148342691541,0.1420350398567713,0.1960379952505935,-0.6736882392339564
Somaliland region,Sub-Saharan Africa,0.1528662420382165,5.057,-1.237328497082479,0.0391101646137907,-0.5481596217339908,0.2383173338163376,2.499254017647812,1.7787776527934005,-0.1485864853128421
Morocco,Middle East and Northern Africa,0.1656050955414012,5.013,-0.37576092099038,-0.8546678945550826,-0.083995706463403,0.0168447744973736,-0.1762223453685154,-0.9175103112110988,0.3569225786982864
Macedonia,Central and Eastern Europe,0.1783439490445859,5.007,-0.0860274404668033,0.1853056291009556,0.2581556814630635,-0.35600434703858,-0.4506585958480755,0.0315585551806024,-0.6946940758241511
Mozambique,Sub-Saharan Africa,0.1910828025477707,4.971,-1.4035325658413498,0.2542016806722687,-1.492248535985543,-0.3297409889512768,0.4254230785625986,0.0259342582177227,1.2366652682402646
Albania,Central and Eastern Europe,0.2038216560509554,4.959,-0.1488566472165274,-0.3844537815126051,0.4695715974401828,-0.252943307371853,-0.3580715290506842,-0.4738157730283714,-0.4597437199614324
Bosnia and Herzegovina,Central and Eastern Europe,0.2165605095541401,4.949,-0.2220943068916574,-0.054017497409923,0.4085925080503812,-1.452363702227857,-0.8854597382667635,0.1846019247594049,-0.2172565818042639
Lesotho,Sub-Saharan Africa,0.2292993630573248,4.898,-0.9424538716290805,0.2967077241855643,-1.533526270737374,-0.4325303387067559,0.1612174431987724,-0.3415823022122236,0.8641686355038385
Dominican Republic,Latin America and Caribbean,0.2420382165605095,4.885,-0.1225201072386059,0.6736790606653623,0.0755445046807702,0.7404908531063212,0.3087088111172684,-0.0106236720409949,-1.4693928621372367
Laos,Southeastern Asia,0.2547770700636942,4.876,-0.6030594543447406,-0.5752849084839419,-0.2482642427206891,0.8273863430537947,1.1625388976512214,1.270966129233846,-0.6966665930652768
Mongolia,Eastern Asia,0.267515923566879,4.874,-0.2284655417126636,1.0437147461724416,-0.102637264093262,0.1044647708748414,-0.6775224860394732,0.7109111361079864,-1.2713462430170677
Swaziland,Sub-Saharan Africa,0.2802547770700637,4.867,-0.4116070020501498,0.388252561298492,-1.5347762877213005,-0.4827476906357542,-0.6439319664094805,-0.2246594175728034,0.4055436566642379
Greece,Western Europe,0.2929936305732484,4.857,0.2854439362876518,-0.0247496258777485,0.6567480536420331,-1.522369136026082,-0.7857112408883585,-1.3657042869641296,-0.6038994016207022
Lebanon,Middle East and Northern Africa,0.3057324840764331,4.839,0.0829206749724019,-0.3969149303557042,0.5408225655239883,-0.3352200688281107,-0.5141736646915896,0.0,-0.9430840454267774
Hungary,Central and Eastern Europe,0.3184713375796178,4.8,0.2332124270619776,0.7603890871417063,0.3222869875949402,-0.416908168809998,-0.6696790144507441,-0.5658042744656918,-1.4286324125799492
Honduras,Latin America and Caribbean,0.3312101910828025,4.788,-0.5957104557640751,0.0447507770231379,0.1485074525469098,-0.0530248143452272,-0.3229464171533314,0.0733033370828645,-0.5404991646242279
Tajikistan,Central and Eastern Europe,0.3439490445859872,4.786,-0.9187667560321716,-0.2368481639231036,-0.1811437655402925,0.2670259011048723,0.3801526066754763,0.0699912510936132,-0.1431841433166257
Tunisia,Middle East and Northern Africa,0.3566878980891719,4.739,-0.1449771329443306,-0.9601703695176704,0.2648949034633623,-0.6815341423655132,-0.3627605609787289,-0.963817022872141,-0.1274776067772156
Palestinian Territories,Middle East and Northern Africa,0.3694267515923566,4.715,-0.5904273773852704,-0.0355416139058365,0.0535333360507616,-0.7616373845317875,0.1954047487105162,-0.6626046744156981,-0.2464468929173381
Bangladesh,Southern Asia,0.3821656050955414,4.694,-0.9076328654786312,-1.4587026591458507,-0.1054633894482262,-0.0225955442854555,0.1667590263864614,-0.0394950631171104,0.4510440357113943
Iran,Middle East and Northern Africa,0.3949044585987261,4.686,0.0563633496293958,-1.1323241625417295,0.1565238658133941,-0.5110487230574171,-0.4049618483311309,1.0143732033495811,-0.7608322845135314
Ukraine,Central and Eastern Europe,0.4076433121019108,4.681,-0.274388897650213,0.7622021411304247,0.0908979741572578,-0.7333816337619995,-0.652372223879961,-0.4111361079865018,-0.9418917029153508
Iraq,Middle East and Northern Africa,0.4203821656050955,4.677,0.019602586342848,-0.342580867963624,-0.1034796668432995,-1.870992573809092,0.2706850249371244,-0.2457192850893639,-0.3796506878049855
South Africa,Sub-Saharan Africa,0.4331210191082802,4.642,-0.0829049045891815,0.7101128122481869,-0.987975380100273,-0.3673247600072451,-0.1474061127925316,-0.6174853143357081,-0.723796065269712
Ghana,Sub-Saharan Africa,0.445859872611465,4.633,-0.6741523419019082,-0.7436111430873722,-0.6498186116659193,0.0463231298677776,-0.5335265782855194,0.0770528683914509,0.1441556816592701
Zimbabwe,Sub-Saharan Africa,0.4585987261146497,4.61,-1.107175524365242,0.2729077932542877,-0.8307178086658785,-0.6999637746785001,-0.2160364891939128,-0.1791651043619547,0.3395232101982089
Liberia,Sub-Saharan Africa,0.4713375796178344,4.571,-1.4222677811070807,-0.4266432600437436,-0.8109892797456486,-0.5790617641731569,-0.3735027068502494,0.1567304086989125,0.8332118910405029
India,Southern Asia,0.4840764331210191,4.565,-0.5173789623087841,-1.6006388856912632,-0.3401133167570209,-0.0694167723238544,-0.1808261221705956,0.2887764029496311,0.0940184150676766
Sudan,Sub-Saharan Africa,0.4968152866242038,4.55,-0.7128055511748934,0.2190341890180731,-0.7382437261375833,-1.414508241260641,0.3450274947781236,-0.1744781902262217,-0.0039597547601696
Haiti,Latin America and Caribbean,0.5095541401273885,4.518,-1.1139094780003151,-0.5609243697478994,-0.6847375643690811,-0.7649882267705125,0.559444136578712,1.520622422197225,0.0448526868187274
Congo (Kinshasa),Sub-Saharan Africa,0.5222929936305732,4.517,-1.534552909635704,0.1820824220099,-1.473905895460536,-0.8474008331823943,-0.2547423163817725,0.1862267216597924,0.9654441475855066
Nepal,Southern Asia,0.535031847133758,4.514,-0.9668664248541238,-0.2113502935420746,-0.1948667780812237,-0.1375203767433436,-0.4012106227886953,0.6525434320709912,-0.3752051638734937
Ethiopia,Sub-Saharan Africa,0.5477707006369427,4.512,-1.2337643904746882,-0.9608322781167264,-0.5432139023628038,0.0964952001449012,0.3781064836523297,0.1544181977252842,0.3496066005726192
Sierra Leone,Sub-Saharan Africa,0.5605095541401274,4.507,-1.013751774168112,0.0511684125705074,-1.740376907294936,-0.0216899112479623,-0.1557611151370477,-0.0228721409823773,0.4398860650489083
Mauritania,Sub-Saharan Africa,0.5732484076433121,4.436,-0.8184671187509857,-0.198140900195695,-0.7655267055258902,-0.7737275855823219,0.5838271026045441,0.0028746406699161,-0.1376787593749768
Kenya,Sub-Saharan Africa,0.5859872611464968,4.419,-0.959391263207696,0.1750604351329571,-0.6144105218820907,0.0405723600796958,-0.4070079713542778,0.9803774528183976,-0.62665695128324
Djibouti,Sub-Saharan Africa,0.5987261146496815,4.369,-0.840261788361457,-0.9953378611718664,-0.7541950298237746,0.21531425466401,1.4912826633701357,-0.2350331208598925,-0.2355391669794722
Armenia,Central and Eastern Europe,0.6114649681528662,4.35,-0.3230563002680966,-0.4628180039138946,0.2430739548091686,-0.9722876290527076,-0.5723176605993435,-0.8748281464816898,-0.666136736661588
Botswana,Sub-Saharan Africa,0.6242038216560509,4.332,0.0323135152184198,0.479768619776678,-1.610592535224663,0.3702227857272233,0.1586597894198389,-0.7119735033120861,-1.103211228627996
Myanmar,Southeastern Asia,0.6369426751592356,4.307,-1.1070493612994794,-0.6586853919650056,-0.4293264854142039,0.1221698967578337,0.717933415746622,3.607924009498813,-1.1676271648008711
Georgia,Central and Eastern Europe,0.6496815286624203,4.297,-0.364548178520738,-1.5894727754115352,0.2413348007445754,-0.0335989856909979,2.363101581482587,-1.0190601174853144,-0.9065483156321988
Malawi,Sub-Saharan Africa,0.6624203821656051,4.292,-1.509257214950323,-1.5154541268562227,-1.12727075096129,0.0785636660025356,-0.3099876380067352,0.7045369328833896,0.8782853820280132
Sri Lanka,Southern Asia,0.6751592356687898,4.271,-0.2173474215423435,0.2334522850235984,0.1837253223549234,0.5618094548089112,-0.1222558506330193,1.1857267841519807,-2.267187764504994
Cameroon,Sub-Saharan Africa,0.6878980891719745,4.252,-0.8682542185775114,-0.1446414182111203,-1.1044443538635034,0.3618003984785363,-0.4115264930303935,-0.0772403449568804,-0.3835368411755611
Bulgaria,Central and Eastern Europe,0.7006369426751592,4.218,0.0616621983914207,0.4840854149879127,0.342504653595837,-0.4859626879188553,-0.830470182019694,-0.620734908136483,-1.9303436448880151
Egypt,Middle East and Northern Africa,0.7133757961783439,4.194,-0.1439205172685696,-0.5494704731207555,-0.0633976005108764,-1.0881633761999636,-0.3656592352615201,-0.6601049868766405,-0.9008662883555238
Yemen,Middle East and Northern Africa,0.7261146496815286,4.077,-0.6727172370288597,-0.7396109128582943,-0.6516664628595497,-0.2602789349755477,-0.2352188925359138,-0.7950881139857519,-0.4241353676757414
Angola,Sub-Saharan Africa,0.7388535031847133,4.033,-0.3395048099668822,-0.2231207551513756,-1.2870283563635374,-1.400787900742619,-0.2976256447418901,-0.5943007124109487,-0.3854799178608489
Mali,Sub-Saharan Africa,0.7515923566878981,3.995,-1.1233559375492823,0.2801024519396801,-1.1810486555523851,-0.1114834269154137,0.1482586640521762,-0.190976127984002,-0.6157933861791308
Congo (Brazzaville),Sub-Saharan Africa,0.7643312101910829,3.989,-0.4642800820059926,-0.791498791297341,-0.8965882688623485,0.0066564028255749,0.0914787501598534,-0.5915510561179853,-0.7800422471976269
Comoros,Sub-Saharan Africa,0.7770700636942676,3.956,-1.1575461283709192,-0.4178657764475654,-0.7535428470495522,-0.8332729577975002,0.7917643548318345,-0.2757780277465317,-0.3726291152376952
Uganda,Sub-Saharan Africa,0.7898089171974523,3.931,-1.2017662829206748,0.5613560492690226,-0.8202285357138003,0.199601521463503,-0.2852636514770451,0.4506936632920882,-1.1534809777208592
Senegal,Sub-Saharan Africa,0.802547770700637,3.904,-0.9589654628607472,0.1101070565212385,-0.5572086577263277,-0.2058956710740808,0.0085255125964448,-0.0631796025496813,-1.1295016449910569
Gabon,Sub-Saharan Africa,0.8152866242038217,3.896,0.1374862009146822,-0.0939622424312192,-0.561773937145885,-0.425873935881181,0.0407519502110063,-0.9393825771778528,-1.7845540123797534
Niger,Sub-Saharan Africa,0.8280254777070064,3.845,-1.425106450086737,-0.4756532750086339,-0.9331105042188071,0.2885799673972106,0.4284922630973188,-0.1541682289713787,-0.4894345205237471
Cambodia,Southeastern Asia,0.8407643312101911,3.819,-0.8085160069389685,-0.8937780591688733,-0.0796478213019197,1.1287357362796595,-0.286968753996334,1.1564179477565304,-1.8095784848417933
Tanzania,Sub-Saharan Africa,0.8535031847133758,3.781,-1.0847815801923986,0.1863416599516518,-0.7019117107569395,-0.3822224234740082,-0.414851442943007,0.7825896762904637,-1.2224749203264955
Madagascar,Sub-Saharan Africa,0.8662420382165605,3.681,-1.2061504494559216,-0.7767929089444,-0.4707672658595903,-1.0023093642456076,-0.2122000085255126,-0.0325584301962256,-0.5303127323043856
Central African Republic,Sub-Saharan Africa,0.8789808917197452,3.678,-1.4107554013562529,-2.699234488315875,-1.558336390440087,0.3423292881724324,-0.1981329127413785,0.1237970253718284,0.7522650827647631
Chad,Sub-Saharan Africa,0.89171974522293,3.667,-0.995316196183567,-0.5102739726027401,-1.3324909305832957,-0.8068284731026987,-0.4556033931540135,-0.2167229096362955,-0.3949450565626675
Guinea,Sub-Saharan Africa,0.9044585987261148,3.656,-1.2598801450875257,-1.3617474387015085,-1.0879495645321269,-0.1627422568375295,0.1300993222217485,0.4251343582052242,-0.3231689814303691
Ivory Coast,Sub-Saharan Africa,0.9171974522292994,3.655,-0.8006938968616937,-0.479970070219869,-1.3277354311879237,0.2511773229487412,0.6231297156741549,-0.105549306336708,-1.1688342275902166
Burkina Faso,Sub-Saharan Africa,0.929936305732484,3.587,-1.127487777953004,-0.2476401519511917,-1.003274501012242,-0.0826842963231298,0.1891811245151114,-0.0066866641669792,-1.0986037816393972
Afghanistan,Southern Asia,0.9426751592356688,3.575,-1.0301845134836776,-1.8276735351674924,-0.9160450549599856,-0.8107679768157942,-0.0762180826122171,0.915885514310711,-0.3814907225448414
Rwanda,Sub-Saharan Africa,0.9554140127388536,3.465,-1.1843242390790094,-0.472631518360769,-0.5755784725335941,0.8097264988226771,3.800503005243191,0.0483689538807648,-2.268159302847637
Benin,Sub-Saharan Africa,0.9681528662420382,3.34,-1.0824948746254532,-1.6808737193507548,-0.8732455604016358,0.3229034595182031,-0.2219190928854597,-0.2245969253843269,-0.8508026231535247
Syria,Middle East and Northern Africa,0.9808917197452228,3.006,-0.4886610944645954,-1.3325659030735588,0.2214160518485305,-1.1607951458069188,0.7070207596231725,1.582614673165854,-2.7713572832255067
Burundi,Sub-Saharan Africa,0.9936305732484076,2.905,-1.5104242233086262,-1.502417405318292,-1.1317816818163289,-1.3344049990943667,-0.0469755744064112,-0.1329208848893889,-0.5567797920024725
Togo,Sub-Saharan Africa,1.0063694267515924,2.839,-1.205456552594228,-2.296477495107633,-0.9674587969945242,-0.2203405180220973,0.0100601048638049,-0.3232720909886264,-0.9479858979737532
Denmark,Western Europe,-0.9936305732484076,7.526,0.7391894023024759,0.6498503510993439,0.4200872294460522,0.7526716174606047,2.885033462636941,0.8947006624171977,0.777422037728073
Switzerland,Western Europe,-0.9808917197452228,7.509,0.8741050307522472,0.5966098768274435,0.6048451745268277,0.7805651150153958,2.6079543032524835,0.3892638420197476,0.7115340737633131
Iceland,Western Europe,-0.9681528662420382,7.501,0.7153445828733637,0.7060262461148843,0.6165301158983141,0.693035681941677,0.3718828594569248,1.613798275215598,0.9128191540256284
Norway,Western Europe,-0.9554140127388536,7.498,0.9531304210692316,0.5438298607114079,0.4221253006154976,0.8282014127875383,2.145274734643421,1.0024371953505813,0.6674026805626093
Finland,Western Europe,-0.9426751592356688,7.413,0.6827314303737579,0.5661045240013817,0.4632128153915136,0.714770874841514,2.590988533185558,0.2273465816772901,0.9048554836715316
Canada,North America,-0.929936305732484,7.404,0.7366188298375649,0.455191665707379,0.5085666924822349,0.7268157942401737,1.7661451894795177,1.4360704911886015,0.7265781977963747
Netherlands,Western Europe,-0.9171974522292994,7.339,0.7753035798769908,0.2624323702083573,0.4670172149078113,0.629052707842782,1.6466175028773606,1.5974253218347707,0.7304643511669503
New Zealand,Australia and New Zealand,-0.9044585987261148,7.334,0.6112600536193028,0.6758662369057211,0.5176972513213496,0.761999637746785,2.667718146553562,1.721472315960505,0.3890127845613728
Australia,Australia and New Zealand,-0.89171974522293,7.313,0.7433685538558586,0.4801139633935765,0.5726979986141115,0.70268067379098,1.8515708256958952,1.5968628921384826,0.4934825969514307
Sweden,Western Europe,-0.8789808917197452,7.291,0.755007096672449,0.4308449407160122,0.5183766083778313,0.7652146350298858,2.5793085809284286,1.0248718910136232,0.4947191002966141
Israel,Middle East and Northern Africa,-0.8662420382165605,7.267,0.5749881722125847,0.1653044779555656,0.5671816193154798,-0.2212914327114654,-0.1607059124429857,0.6520434945631796,1.6178027041150542
Austria,Western Europe,-0.8535031847133758,7.119,0.7527519318719443,0.4198802808794752,0.4489191429231375,0.5902916138380726,0.915213777228356,0.6881014873140857,0.7097676404130516
United States,North America,-0.8407643312101911,7.104,0.8435577984545022,0.3162484171750891,0.3764996807021836,0.3099076254301756,0.3627605609787289,1.2012873390826149,0.7603906761759663
Costa Rica,Latin America and Caribbean,-0.8280254777070064,7.087,0.1509698785680489,0.2405606078047656,0.3288359896194243,0.6296866509690273,-0.0056268383136536,0.0436820397450318,1.678729934421162
Puerto Rico,Latin America and Caribbean,-0.8152866242038217,7.039,0.6093202964832043,0.4121100494992515,0.3726409326213673,0.2492302119181306,0.1416940193529136,0.0217472815898011,1.1722346117894709
Germany,Western Europe,-0.802547770700637,6.994,0.748793565683646,0.4599113618049958,0.4739738311661843,0.5500362253214998,1.5293064495502793,0.537307836520435,0.4387378833712386
Brazil,Latin America and Caribbean,-0.7898089171974523,6.952,0.1805393471061345,0.2919592494532058,-0.0714683623418796,-0.0404817967759464,0.302911462551686,-0.379827521559805,1.9078510602280172
Belgium,Western Europe,-0.7770700636942676,6.929,0.7133417442043839,0.3296880395994012,0.4868000923925599,0.4544013765622169,1.3329638944541542,0.1491063617047868,0.5921820603973007
Ireland,Western Europe,-0.7643312101910829,6.907,0.8048415076486355,0.6436053873604236,0.4731042541338877,0.5745788806375656,1.6318683660855111,1.444131983502062,-0.0756327879470364
Luxembourg,Western Europe,-0.7515923566878981,6.871,1.1425011827787412,0.2937147461724415,0.5569912634682536,0.6136116645535227,2.107165693337312,0.35726784151981,-0.148247918920709
Mexico,Latin America and Caribbean,-0.7388535031847133,6.778,0.2239709824948746,-0.6427132496834352,0.1928830554762973,-0.163466763267524,0.6600451852167611,-0.632358455193101,1.983999057902213
Singapore,Southeastern Asia,-0.7261146496815286,6.739,1.0605425011827787,-0.20245769540693,0.8335439340208427,0.3373935881180946,3.1010699518308544,0.6781652293463317,-0.3201807650128432
United Kingdom,Western Europe,-0.7133757961783439,6.725,0.6777637596593595,0.4281973063197879,0.4604953871655866,0.3947201593914146,1.4310925444392346,1.7686539182602177,-0.0901911428087761
Chile,Latin America and Caribbean,-0.7006369426751592,6.705,0.3842296167796875,-0.0922643029814668,0.4847348469408551,-0.1598442311175511,0.0714437955582079,0.6087364079490064,1.0948795513259293
Panama,Latin America and Caribbean,-0.6878980891719745,6.701,0.3311780476265572,0.1473178312420858,0.1845133765404423,0.344502807462416,-0.1867087258621425,0.1453568303962003,1.1692758359277828
Argentina,Latin America and Caribbean,-0.6751592356687898,6.65,0.2812017032013877,0.3689133187521582,0.1539694832810229,0.0436967940590472,-0.2827912528240761,-0.6789776277965255,1.3521900093473764
Czech Republic,Central and Eastern Europe,-0.6624203821656051,6.596,0.5300268096514744,0.2014504431909749,0.3350860745390563,0.0044828835355913,-0.564985719766401,-0.7452193475815524,1.1052720675366354
United Arab Emirates,Middle East and Northern Africa,-0.6496815286624203,6.573,0.9469484308468694,-0.1922125014389318,0.2431554776559464,0.6745154863249412,2.126944882561064,0.2960254968128982,0.0056084258870808
Uruguay,Latin America and Caribbean,-0.6369426751592356,6.545,0.3288282605267307,0.2690802348336596,0.2211443090259378,0.5917859083499366,0.9191355130227206,-0.2373453318335209,0.6773241478799125
Malta,Western Europe,-0.6242038216560509,6.488,0.5279293486831729,0.4629331184528604,0.4421255723583202,0.6192265893859806,0.5917558293192379,2.148668916385452,-0.3252298203390075
Colombia,Latin America and Caribbean,-0.6114649681528662,6.481,0.0903012143195077,0.2410498445953723,-0.1191864019891574,0.1546821228038399,-0.4445202267786351,-0.3892013498312711,1.4182251760913251
France,Western Europe,-0.5987261146496815,6.478,0.6652263049992112,0.193248532289628,0.5366920746205791,0.2374117007788442,0.6134106313142077,-0.6057992750906138,0.3873493931565433
Thailand,Southeastern Asia,-0.5859872611464968,6.474,0.1833149345529094,0.3074709335789109,0.0236416255655648,0.3728491215359537,-0.6632848800034103,2.302337207849019,0.5422067168628149
Saudi Arabia,Middle East and Northern Africa,-0.5732484076433121,6.379,0.8144929821794668,-0.2579716818234145,-0.129838720634791,-0.1546368411519652,1.6535231680804812,-0.3997625296837895,0.5940515356929941
Taiwan,Eastern Asia,-0.5732484076433121,6.379,0.6690269673553064,-0.033642224012893,0.4217448606638677,-0.4049085310632131,-0.3395711667163989,0.2275340582427196,0.5946550670876668
Qatar,Middle East and Northern Africa,-0.5477707006369427,6.375,1.342390790096199,-0.1677506619085993,0.2086441391866739,0.6955261727947835,3.1916108956050984,0.6582927134108236,-0.9259349216513204
Spain,Western Europe,-0.535031847133758,6.361,0.5826683488408767,0.5511684125705079,0.6481338061658446,-0.1708929541749682,-0.381601943816872,-0.2617797775278091,0.2728697917816692
Algeria,Middle East and Northern Africa,-0.5222929936305732,6.355,0.1255322504336853,-0.3017152066305976,-0.0608975665430234,-0.9198061945299764,0.4726544183469031,-0.925509311336083,1.7631654485636692
Guatemala,Latin America and Caribbean,-0.5095541401273885,6.324,-0.2184513483677654,-0.192068608265224,-0.2719058682862537,0.4102517659844228,-0.1630078008440257,0.4345706786651668,1.4534360808732072
Suriname,Latin America and Caribbean,-0.4968152866242038,6.269,0.1952373442674655,-0.4583573155289515,-0.356309188983546,0.4942492302119182,0.1772454068800887,-0.3242719660042496,1.2619105448710872
Kuwait,Middle East and Northern Africa,-0.4840764331210191,6.239,1.0157388424538714,-0.1736790606653621,-0.0129349583554124,0.0836352110124976,1.1130909245918412,-0.3680164979377579,0.1024384140372574
Bahrain,Middle East and Northern Africa,-0.4713375796178344,6.218,0.7367607632865476,0.0173822953839068,0.0448647400100545,0.2742256837529432,1.2923824544950768,-0.2941507311586052,0.0924286250524411
Trinidad and Tobago,Latin America and Caribbean,-0.4585987261146497,6.168,0.5561583346475318,0.1374467595257278,-0.3107922661992689,0.3230393044738272,-0.7990110405388124,0.6299837520309962,0.4455533720476643
Venezuela,Latin America and Caribbean,-0.445859872611465,6.084,0.2532881249014349,0.2736560377575688,-0.0581801383170965,-0.9722876290527076,-0.1968540858519118,-1.1001124859392577,1.1237754568806264
Slovakia,Central and Eastern Europe,-0.4331210191082802,6.078,0.4836303422173158,0.416570737884195,0.171795812443104,-0.8118094548089113,-0.6535657956434632,-0.5009998750156232,0.5879131798008351
El Salvador,Latin America and Caribbean,-0.4203821656050955,6.068,-0.1566945276770225,-0.3688845401174171,-0.1207896846424543,-0.1833906900923744,0.0,-0.8109611298587677,1.486865832026909
Malaysia,Southeastern Asia,-0.4076433121019108,6.005,0.4389843873206117,-0.1659951651893636,-0.0456256199133139,-0.103604419489223,-0.1306108529775353,1.2260967379077614,0.2098817225669222
Nicaragua,Latin America and Caribbean,-0.3949044585987261,5.992,-0.4403406402775587,-0.1229423276159781,0.0317395616788272,0.2383173338163376,0.4841638603521038,0.4948756405449317,0.9023824769811656
Uzbekistan,Central and Eastern Europe,-0.3821656050955414,5.987,-0.3739946380697052,0.6623978358466672,-0.3772333863231836,0.8843053794602427,1.5107208320900298,0.7794025746781652,0.1989003952394623
Italy,Western Europe,-0.3694267515923566,5.977,0.6022551648005047,0.2985495568090252,0.5722088615334449,-1.0184749139648612,-0.6869005498955626,-0.3230846144231972,0.2030220730567397
Ecuador,Latin America and Caribbean,-0.3566878980891719,5.976,0.0,-0.2250201450443194,0.1241321213603447,-0.0475004528165187,0.6329340551600666,-0.7361579802524686,0.8278684301559617
Belize,Latin America and Caribbean,-0.3439490445859872,5.956,-0.1528150134048257,-0.7234373201335332,-0.5020720390222693,0.4488317333816339,0.0134703099023828,0.1143607049118859,1.2793835147607588
Japan,Eastern Asia,-0.3312101910828025,5.921,0.6418703674499288,0.3528548405663636,0.7458253508879198,0.2464227495019019,0.7137559145743638,-0.7267841519810024,-0.5967895073858993
Kazakhstan,Central and Eastern Europe,-0.3184713375796178,5.919,0.4043053146191451,0.050391389432485,-0.1809535455644775,-0.0361800398478536,0.0442474103755488,-0.4276340457442821,0.4150971170335701
Moldova,Central and Eastern Europe,-0.3057324840764331,5.897,-0.4436051096041634,-0.3068090249798553,-0.3189173765947904,-0.7298043832639013,-0.7425721471503476,-0.1160479940007499,1.720520803432769
Russia,Central and Eastern Europe,-0.2929936305732484,5.856,0.4087998738369341,0.3300333832163003,-0.1373388225383494,-0.3910976272414417,-0.5990877701521805,-1.1947256592925886,0.5592086378590828
Poland,Central and Eastern Europe,-0.2802547770700637,5.835,0.4302002838668977,0.3134568896051573,0.1362246769657196,0.1752852744068104,-0.4359094590562258,-0.4631296087989002,-0.0160598232094621
South Korea,Eastern Asia,-0.2802547770700637,5.835,0.609399148399306,-0.6215897317831244,0.6684873435780377,-0.7313439594276397,-0.2469840999190076,-0.1893513310836146,0.204449940014868
Bolivia,Latin America and Caribbean,-0.2547770700636942,5.822,-0.2820375335120643,-0.2881892483020606,-0.4640008695770322,0.4366056873754754,-0.2444264461400742,-0.0097487814023247,1.0379120757799911
Lithuania,Central and Eastern Europe,-0.2420382165605095,5.813,0.4670241286863271,0.3631288131691029,0.0170926235410807,-1.013856185473646,-0.7496483226053968,-1.2391576052993378,0.5799642297246572
Belarus,Central and Eastern Europe,-0.2292993630573248,5.802,0.2484781580192397,0.3223207091055601,-0.0255709996059726,-0.5537040391233471,0.5834860821006864,-0.4944381952255969,0.2569571713513952
North Cyprus,Western Europe,-0.2165605095541401,5.771,0.5335909162592649,-0.3443939219523428,0.5461215505645456,0.1031063213186017,0.5085468263779361,0.2792150981127359,-0.4074425725157689
Slovenia,Central and Eastern Europe,-0.2038216560509554,5.768,0.514761078694212,0.3401634626453321,0.4104947078085302,0.5363611664553523,-0.5949102689799226,0.2427196600424946,-0.6124224425357147
Peru,Latin America and Caribbean,-0.1910828025477707,5.743,0.0362087998738369,-0.3608265223897781,-0.0285601706544923,-0.1728400652055786,-0.4536425252568311,-0.4578802649668791,0.7653219692787804
Turkmenistan,Central and Eastern Europe,-0.1783439490445859,5.658,0.1689165746727645,0.2884770346494763,-0.544545442193508,-0.1770965404817966,1.5221450189692656,0.044556930383702,0.0053434608845418
Mauritius,Sub-Saharan Africa,-0.1656050955414012,5.648,0.2691373600378489,-0.5208357315528954,0.0582616611638745,0.2185292519471111,-0.461230231467667,0.9434445694288214,-0.0132924109607184
Libya,Middle East and Northern Africa,-0.1528662420382165,5.615,0.1479577353729695,0.0369229883734315,-0.3190532480060871,-0.0292972287629051,-0.0233599045142589,-0.2979002624671917,0.2686156314631226
Latvia,Central and Eastern Europe,-0.1401273885350318,5.56,0.3860905219996846,0.0354552780016116,-0.002527208250112,-0.6032874479261003,-0.1468945820367449,-0.275528058992626,-0.0039303142043317
Cyprus,Western Europe,-0.1273885350318471,5.546,0.5448825106450086,-0.6646713479912516,0.5661761708718869,-0.5348668719434885,-0.4590988533185559,0.3782027246594173,-0.2447835015125079
Paraguay,Latin America and Caribbean,-0.1146496815286624,5.538,-0.1251064500867371,0.4983883964544723,-0.1562521229908015,0.2226046006158303,-0.2742657402276313,0.215098112735908,-0.074116599321395
Romania,Central and Eastern Europe,-0.1019108280254777,5.528,0.31010881564422,-0.6040635432255098,0.0966589219962227,-0.2086125701865603,-0.8469244213308327,-0.5602424696912887,0.3541404461716237
Estonia,Central and Eastern Europe,-0.0891719745222929,5.517,0.4834884087683331,0.3272130770116267,0.1101373659968207,0.0086940771599346,0.6740270258749308,-0.8393325834270717,-0.5761663980215943
Jamaica,Latin America and Caribbean,-0.0764331210191082,5.51,-0.1257372654155497,0.0742200989985034,-0.1243495156184184,0.1031516029704764,-0.5387271409693508,0.0244344456942881,0.2142683653867386
Croatia,Central and Eastern Europe,-0.0636942675159235,5.488,0.3365872890711244,-0.9492344883158746,0.1760621747578092,-0.7884441224415866,-0.5636216377509699,-0.2137232845894263,0.4612746288649934
Hong Kong,Eastern Asia,-0.0509554140127388,5.458,0.8478788834568677,-0.1948889144698976,0.8487071835215153,0.3061039666727041,1.793256319536212,1.140044994375703,-1.8917323559068795
Somalia,Sub-Saharan Africa,-0.0382165605095541,5.44,-1.534552909635704,-1.7318982387475546,-1.4287965869101482,0.7000090563303746,1.753442175710815,0.3356455443069615,2.394194322388807
Kosovo,Central and Eastern Europe,-0.0254777070063694,5.401,-0.1129317142406561,-0.7980603200184188,-0.2729656652943652,-1.2191179134214811,-0.3466473421714481,0.3835770528683914,0.8813324795572142
Turkey,Middle East and Northern Africa,-0.0127388535031847,5.389,0.3025705724649107,-0.1748589846897664,0.0182882919604886,-0.7892591921753305,0.1479176435483184,-1.0715535558055245,0.1169967688989971
Indonesia,Southeastern Asia,0.0,5.314,-0.0347263838511276,-0.1775066190859908,-0.3986738950257474,-0.0942763992030429,-0.8773605013001408,2.166416697912761,-0.2643025900328996
Jordan,Middle East and Northern Africa,0.0127388535031847,5.303,0.037328497082479,-0.2180557154368597,-0.0905718827701462,-0.2398116283282014,0.2288247580885801,-0.4744406949131359,-0.014484753472145
Azerbaijan,Central and Eastern Europe,0.0254777070063694,5.291,0.2376123639804444,-0.5108495452975714,-0.2592698270356934,-0.2713276580329651,0.6224476746664394,-1.0132483439570057,0.0916190097669045
Philippines,Southeastern Asia,0.0382165605095541,5.279,-0.2537296956316039,-0.1702544031311154,-0.4622073669479203,0.6128871581235283,0.0975318641033291,-0.0112485939257594,0.034710415332642
China,Eastern Asia,0.0509554140127388,5.245,0.0863270777479892,-0.4147576838954762,0.2585904699792117,0.1219434884984604,-0.6707873310882818,-1.0558055243094615,-0.0594552025142233
Bhutan,Southern Asia,0.0636942675159235,5.196,-0.1898123324396783,-0.0850984229308164,-0.3882117963559287,0.21531425466401,0.4729101837247964,1.6680414948131483,-0.5624618192791478
Kyrgyzstan,Central and Eastern Europe,0.0764331210191082,5.185,-0.6507175524365241,0.0472257396109126,-0.2335901303006832,-0.0501267886252491,-0.4988277420179889,1.0359955005624295,0.1031891482111183
Serbia,Central and Eastern Europe,0.0891719745222929,5.177,0.0966882195237343,-0.3586969034189021,0.0145382410087095,-1.1592555696431806,-0.5348906603009507,-0.069803774528184,0.0944011422935665
Bosnia and Herzegovina,Central and Eastern Europe,0.1019108280254777,5.163,-0.0618672133732849,-0.8468401059053763,0.1826383510645524,-1.4403187828291977,-0.9048126518606932,0.5021247344081988,0.4015691816261493
Montenegro,Central and Eastern Europe,0.1146496815286624,5.161,0.1660936760763284,-0.5646368136295616,-0.0139132325167461,-1.1867415323310992,0.1797178055330576,-0.2914010748656418,0.064842824232522
Dominican Republic,Latin America and Caribbean,0.1273885350318471,5.155,0.0864374704305314,0.1641245539311613,-0.1732632236851042,0.4953812715087845,0.1499637665714651,-0.0354955630546182,-0.7580943128206256
Morocco,Middle East and Northern Africa,0.1401273885350318,5.151,-0.2089260369026967,-1.5885230804650632,-0.1242951670539001,-0.709699329831552,-0.188328573255467,-1.1124234470691163,1.0858413006837575
Hungary,Central and Eastern Europe,0.1528662420382165,5.145,0.4232140041002994,-0.0181017612524462,0.0968219676897785,-0.9757743162470566,-0.523551728547679,-0.7470316210473692,-0.3776192894521844
Pakistan,Southern Asia,0.1656050955414012,5.132,-0.4492982179466961,-1.9471048693449988,-0.6450902865528063,-1.2088842600978082,0.2785284965258537,0.5831146106736659,1.430222202595185
Lebanon,Middle East and Northern Africa,0.1783439490445859,5.129,0.2359564737423116,-0.8521065960630833,0.329515346675906,-0.6833454084404997,-0.643846711283516,0.1149231346081739,-0.2029484716671449
Portugal,Western Europe,0.1910828025477707,5.123,0.4778583819586815,0.0165189363416598,0.4162556556474951,0.1543198695888425,-0.7751396052687669,-0.6351081114860644,-1.0026128493305952
Macedonia,Central and Eastern Europe,0.2038216560509554,5.121,0.0729222520107239,-0.4477092206745713,0.0188317776056739,-0.6181398297409889,-0.3040197791892238,0.103299587551556,-0.1792782647736387
Vietnam,Southeastern Asia,0.2165605095541401,5.061,-0.3669610471534458,-0.42235524346725,0.0573920841315779,0.6626969751856548,0.080395583784475,0.2012873390826144,-0.3966526088012538
Somaliland Region,Sub-Saharan Africa,0.2292993630573248,5.057,-1.1314934552909637,-0.5160296995510537,-0.8406907702550306,-0.0991215359536316,2.232064452875229,1.851331083614548,0.3337823018098582
Tunisia,Middle East and Northern Africa,0.2420382165605095,5.045,0.0065920201860904,-1.4570047196960982,-0.1214146931344174,-0.8044738272052163,-0.208278272731148,-1.11973503312086,0.6960777819485237
Greece,Western Europe,0.2547770700636942,5.033,0.4349471692162119,-0.5272245884655234,0.4343537276321688,-1.6073627965948196,-0.5529647470054138,-1.3657042869641296,-0.1204413139320063
Tajikistan,Central and Eastern Europe,0.267515923566879,4.996,-0.7644062450717551,-0.5235121445838611,-0.2969062079647819,0.0945933707661656,0.2468988447930431,0.258967629046369,0.2646705969808712
Mongolia,Eastern Asia,0.2802547770700637,4.907,0.024396782841823,0.437147461724416,-0.2330466446554978,-0.2421209925738091,-0.6247495630674796,0.7927134108236469,-0.9942075706389332
Laos,Southeastern Asia,0.2929936305732484,4.876,-0.4615044945592177,-1.1172729365718896,-0.6998464653052351,0.4912606411881906,1.0068630376401384,1.3263967004124484,-0.1838415509284811
Nigeria,Sub-Saharan Africa,0.3057324840764331,4.875,-0.3483677653366976,-0.8430701047542308,-1.6015706735145856,-0.609717442492302,-0.6447845176691249,0.0853018372703411,0.9930299484054264
Honduras,Latin America and Caribbean,0.3184713375796178,4.871,-0.4396309730326447,-0.5236848163923107,-0.1538607861519857,-0.6594819779025537,-0.3160407519502111,-0.0883639545056868,0.1240183414662874
Iran,Middle East and Northern Africa,0.3312101910828025,4.813,0.2279135782999526,-1.5809830781627727,0.0050815907824835,-0.8501630139467486,-0.4299416002387144,1.0426196725409322,-0.3136744021727127
Zambia,Sub-Saharan Africa,0.3439490445859872,4.795,-0.5693739157861536,-0.8643087371935081,-1.0997975515971683,0.0608132584676688,0.0738309390852125,-0.2492188476440445,0.5573833233971462
Nepal,Southern Asia,0.3566878980891719,4.793,-0.8307837880460495,-0.6933924254633363,-0.3796790717265179,-0.1950280746241622,-0.3073447291018373,1.0189976252968378,0.1702841749652236
Palestinian Territories,Middle East and Northern Africa,0.3694267515923566,4.754,-0.4775587446774957,-0.6378496604121104,-0.195682006549002,-1.0675149429451185,0.0,-0.6686664166979128,0.2831887066027813
Albania,Central and Eastern Europe,0.3821656050955414,4.655,-0.0280082005992745,-1.255611833774606,0.2435359176075762,-0.4280474551711646,-0.4528752291231511,-0.3133358330208725,-0.4167310678825611
Bangladesh,Southern Asia,0.3949044585987261,4.643,-0.6801608579088472,-1.986992057096812,-0.3004388646584872,-0.0697790255388515,0.1679525981499637,-0.170103737032871,0.5855432150559002
Sierra Leone,Sub-Saharan Africa,0.4076433121019108,4.635,-0.9591704778426114,-0.891936226545413,-1.740376907294936,-0.4815250860351384,-0.2060616394560723,0.1276715410573677,1.1816850302133706
Iraq,Middle East and Northern Africa,0.4203821656050955,4.575,0.1603532565841349,-0.9953954184413496,-0.3524232666204703,-0.7454718348125339,0.2577262457905283,-0.1415448068991376,-0.5809946491789761
Namibia,Sub-Saharan Africa,0.4331210191082802,4.574,-0.063381170162435,-0.6743121906296767,-0.7962064701966058,0.3303296504256475,-0.0183298520823564,-0.8785776777902762,-0.4258281996364088
Cameroon,Sub-Saharan Africa,0.445859872611465,4.513,-0.7066551017189716,-0.8993611143087377,-1.3953178711667278,0.0641641007063938,-0.382539750202481,0.0516185476815397,0.454179454908109
Ethiopia,Sub-Saharan Africa,0.4585987261146497,4.508,-1.0727487777953004,-1.6076033152987228,-0.800744575333904,-0.2090201050534322,0.5590178609488895,0.4791901012373452,0.6548757240536707
South Africa,Sub-Saharan Africa,0.4713375796178344,4.459,0.0805866582557954,0.0650397145159432,-1.2346363401676652,0.0527078427821046,-0.187390766869858,-0.512310961129859,-0.8375690933044814
Sri Lanka,Southern Asia,0.4840764331210191,4.415,0.0001892445986437,-0.2592954990215267,-0.0553811872443917,0.4300851295055243,-0.2258408286798244,1.5700537432820896,-1.905466375205164
India,Southern Asia,0.4968152866242038,4.404,-0.3669768175366661,-1.85754575802924,-0.5150613459422002,-0.0468212280383989,-0.1612174431987723,0.1983502062242219,-0.0455445398809125
Myanmar,Southeastern Asia,0.5095541401273885,4.395,-0.9965935972244124,-0.6852768504662141,-0.6566665307952553,0.0621717080239087,0.8210068630376403,3.75684289463817,-1.037352705219074
Egypt,Middle East and Northern Africa,0.5222929936305732,4.362,-0.0301372023340168,-1.2656843559341548,-0.3241620130708297,-1.017569280927368,-0.0187561277121787,-0.5716785401824772,-0.356687054251584
Armenia,Central and Eastern Europe,0.535031847133758,4.36,-0.1769436997319035,-0.9012317255669392,0.0010326227258523,-1.2353740264444846,-0.596530116373247,-0.8787026621672293,-0.3424231049482211
Kenya,Sub-Saharan Africa,0.5477707006369427,4.356,-0.7102822898596436,-0.505151375618741,-0.9211538200247285,-0.0336442673428726,-0.3347968796623897,1.216972878390201,-0.4828251157381849
Ukraine,Central and Eastern Europe,0.5605095541401274,4.324,-0.1580034694843084,0.2192931967307469,-0.1472030869984645,-1.2887158123528342,-0.7488810264717167,-0.0931758530183727,-1.046022948913275
Ghana,Sub-Saharan Africa,0.5732484076433121,4.276,-0.5393313357514586,-1.278922527915276,-0.933817035557548,-0.0156674515486325,-0.6268809412165909,-0.0406824146981628,-0.0162806273782443
Congo (Kinshasa),Sub-Saharan Africa,0.5859872611464968,4.272,-1.4452767702255165,-0.3774893519051457,-1.2295004008206631,-1.1645082412606411,-0.3868877616266679,0.2252218472690911,0.7919215114781368
Georgia,Central and Eastern Europe,0.5987261146496815,4.252,-0.2131209588392998,-2.1452745481754354,-0.0002717428225926,-0.4011048723057416,1.8131207638859288,-0.9416322959630048,-0.5018878756430919
Congo (Brazzaville),Sub-Saharan Africa,0.6114649681528662,4.236,-0.3185144299006465,-1.323644526303673,-0.9737360561964156,-0.1530972649882268,-0.0733194083294258,-0.6109861267341583,-0.1537533028623579
Senegal,Sub-Saharan Africa,0.6242038216560509,4.219,-0.8357041476107869,-0.4713077011626572,-0.6409869699316566,-0.4647255931896394,0.091052474530031,-0.1719160104986877,-0.3424672657819776
Bulgaria,Central and Eastern Europe,0.6369426751592356,4.217,0.2207853650843713,-0.0360020720617014,0.1022024755771139,-0.9101612026806736,-0.8523807493925574,-0.566241719785027,-1.5566546696401624
Mauritania,Sub-Saharan Africa,0.6496815286624203,4.201,-0.5663933133575146,-0.2777426038908718,-0.9621326376717074,-1.2968212280383988,0.6259431348309816,0.0519935008123984,-0.419469039575467
Zimbabwe,Sub-Saharan Africa,0.6624203821656051,4.193,-0.9819429112127424,-0.6421952342580872,-1.3069471052595822,-0.7195254482883534,-0.1731531608337952,-0.209411323584552,0.3406861121537975
Malawi,Sub-Saharan Africa,0.6751592356687898,4.156,-1.3972086421700043,-2.2761885576148275,-0.9424312830337368,0.0050262633580873,-0.2599428790656038,0.5695538057742783,0.908726916764189
Sudan,Sub-Saharan Africa,0.6878980891719745,4.139,-0.5399306103138306,-0.3414585012087028,-0.931697441541325,-1.870992573809092,-0.0489364423035935,-0.2360329958755157,-0.1491311355958397
Gabon,Sub-Saharan Africa,0.7006369426751592,4.121,0.2924617568206905,-0.6165822493380917,-0.7909074851560483,-0.5986687194348849,-0.1107464086278187,-0.9755030621172356,-1.1157087445810974
Mali,Sub-Saharan Africa,0.7133757961783439,4.073,-1.041066077905693,-0.2146886151720963,-1.296158915202652,-0.6237547545734466,0.2586640521761372,-0.049368828896388,-0.147776870027306
Haiti,Latin America and Caribbean,0.7261146496815286,4.028,-0.9968301529727172,-1.8485092667203875,-0.9932471908585712,-1.324352472378192,0.329340551600665,1.6312960879890013,0.2353772439223658
Botswana,Sub-Saharan Africa,0.7388535031847133,3.974,0.1911370446301844,-0.1325831702544033,-0.7960162502207909,0.1254301756928092,0.0132997996504539,-0.5892388451443571,-1.830981768935797
Comoros,Sub-Saharan Africa,0.7515923566878981,3.956,-1.100725437628134,-0.9632209048002766,-0.9256647508797672,-1.1731117551168266,0.667036105545846,-0.2239720034995626,0.0663295723023255
Ivory Coast,Sub-Saharan Africa,0.7643312101910829,3.916,-0.6591862482258319,-1.0422758144353634,-1.618744819902444,-0.0297047636297772,0.4191994543671938,-0.0947381577302837,-0.3481051322248961
Cambodia,Southeastern Asia,0.7770700636942676,3.907,-0.6576565210534616,-1.1523828709566024,-0.585632956969524,0.7939232023184206,-0.2149281725563749,1.1551681039870016,-1.3182450484665147
Angola,Sub-Saharan Africa,0.7898089171974523,3.866,-0.1983125689954266,-0.789311615056982,-1.60475006453892,-1.8443216808549168,-0.1857709194765336,-0.611361079865017,-0.1717414824791886
Niger,Sub-Saharan Africa,0.802547770700637,3.856,-1.3252799243021602,-0.9572637274087724,-1.0294433348279186,-0.1484332548451366,0.5595293917046763,-0.0552430946131734,-0.1715942797000005
South Sudan,Sub-Saharan Africa,0.8152866242038217,3.832,-0.9132944330547232,-2.16628295153678,-1.3115395589613987,-0.98066473464952,0.2047828125666054,0.2527809023872015,0.4387084428154006
Chad,Sub-Saharan Africa,0.8280254777070064,3.763,-0.8688219523734426,-0.8810579026131004,-1.636462451935488,-1.291070458250317,-0.4826292680847436,-0.1991626046744157,0.1400045632861548
Burkina Faso,Sub-Saharan Africa,0.8407643312101911,3.739,-1.0299794985018136,-0.8846264533210548,-1.1616462180192664,-0.3599438507516754,0.1636898418517413,0.1561679790026245,-0.4976484356024639
Uganda,Sub-Saharan Africa,0.8407643312101911,3.739,-0.9870209746096829,-0.0809255208932889,-1.2070816179567654,0.1056873754754572,-0.3555991303977152,0.3279590051243592,-1.0261505737228316
Yemen,Middle East and Northern Africa,0.8662420382165605,3.724,-0.6208326762340325,-1.3324507885345924,-0.8966697917091264,-0.8354011954356094,-0.4024894496781619,-0.751968503937008,-0.3507989430840451
Madagascar,Sub-Saharan Africa,0.8789808917197452,3.695,-1.0937076170950952,-1.3721077472084728,-0.731966466935692,-1.2513584495562395,-0.2648876763715418,0.0116235470566179,-0.0890724016869436
Tanzania,Sub-Saharan Africa,0.89171974522293,3.666,-0.7909004888818797,-0.4653505237711526,-0.7702550306390031,-0.4328473102698786,-0.4700967645679697,0.6010498687664041,-1.227038206481338
Liberia,Sub-Saharan Africa,0.9044585987261148,3.622,-1.365715186879041,-1.2501438931737083,-1.1108846587589505,-0.7050806013403369,-0.4911547806811885,0.1380452443444569,0.0317663597488722
Guinea,Sub-Saharan Africa,0.9171974522292994,3.607,-1.181059769752405,-1.8045067342005296,-1.2287123466351444,-0.4693896033327294,0.1114284496355343,0.50368703912011,-0.0812853746678734
Rwanda,Sub-Saharan Africa,0.929936305732484,3.515,-1.0165589023813275,-0.9268734891216766,-0.8744684031033029,0.5887067560224597,3.402361566989216,0.1061117360329958,-1.8298335872581275
Benin,Sub-Saharan Africa,0.9426751592356688,3.484,-0.9116385428165904,-2.39938989294348,-1.16895609994701,-0.0711827567469661,-0.3352231552922121,-0.1046119235095613,-0.1518249464549887
Afghanistan,Southern Asia,0.9554140127388536,3.36,-0.9316984702728276,-2.3816046966731905,-1.26906615579016,-1.127015033508422,-0.2984781960015346,0.5883014623172104,-0.0966827853709877
Togo,Sub-Saharan Africa,0.9681528662420382,3.303,-1.0910424223308626,-2.699234488315875,-1.0661557901601924,-0.3007154500996197,0.0830384926893729,-0.2710286214223223,-0.1116680282923735
Syria,Middle East and Northern Africa,0.9808917197452228,3.069,-0.3562056457971928,-2.271411304247727,-0.0285601706544923,-1.5580057960514395,0.56438893388465,1.6587301587301588,-2.051079364378399
Burundi,Sub-Saharan Africa,0.9936305732484076,2.905,-1.426825421857751,-2.024605732704041,-1.312463484558214,-1.6753758377105594,-0.1017946204015517,-0.0977377827771529,-0.1578308198458785
