,Country,Region,Happiness Rank,Happiness Score,Economy (GDP per Capita),Family,Health (Life Expectancy),Freedom,Trust (Government Corruption),Generosity,Dystopia Residual,Score_NORM,Score_LOG,Score_RAIZ,Score_BOX,Score_Sklearn
0,Switzerland,Western Europe,1,7.587,1.39651,1.34951,0.94143,0.66557,0.41978,0.29678,2.51738,0.4650486086037897,2.0264362563559377,2.754450943473127,4.53569276577515,1.0
1,Iceland,Western Europe,2,7.561,1.30232,1.40223,0.94784,0.62877,0.14145,0.4363,2.70201,0.4595726187133095,2.023003456576133,2.749727259202265,4.521204129369972,0.99452401010952
2,Denmark,Western Europe,3,7.527,1.32548,1.36058,0.87464,0.64938,0.48357,0.34139,2.49204,0.45241170885652776,2.018496556052395,2.7435378619585333,4.5022357199159195,0.9873631002527382
3,Norway,Western Europe,4,7.522,1.459,1.33095,0.88521,0.66973,0.36503,0.34699,2.46531,0.4513586338775893,2.0178320600481445,2.7426264783962107,4.499444163006535,0.9863100252737999
4,Canada,North America,5,7.427,1.32629,1.32261,0.90563,0.63297,0.32957,0.45811,2.45176,0.43135020927775763,2.0051220086871595,2.7252522818997877,4.446302225816609,0.9663016006739681
5,Finland,Western Europe,6,7.406,1.29025,1.31826,0.88911,0.64169,0.41372,0.23351,2.61955,0.42692729436621596,2.002290482491421,2.7213967002258235,4.434528631233341,0.9618786857624265
6,Netherlands,Western Europe,7,7.378,1.32944,1.28017,0.89284,0.61576,0.31814,0.4761,2.4657,0.42103007448416047,1.9985025991744838,2.71624741141156,4.418815495248564,0.9559814658803708
7,Sweden,Western Europe,8,7.364,1.33171,1.28907,0.91087,0.6598,0.43844,0.36262,2.37119,0.4180814645431326,1.9966032633708315,2.7136691028937188,4.410952470865108,0.953032855939343
8,New Zealand,Australia and New Zealand,9,7.286,1.25018,1.31967,0.90837,0.63938,0.42922,0.47501,2.26425,0.40165349487169194,1.985954698586372,2.6992591576208462,4.36706484346813,0.9366048862679023
9,Australia,Australia and New Zealand,10,7.284,1.33358,1.30923,0.93156,0.65124,0.35637,0.43562,2.26646,0.4012322648801166,1.9856801618653614,2.6988886601710713,4.365937740712368,0.9361836562763269
10,Israel,Middle East and Northern Africa,11,7.278,1.22857,1.22393,0.91387,0.41319,0.07785,0.33172,3.08854,0.39996857490539034,1.984856099189968,2.69777686252959,4.362555896048253,0.9349199663016007
11,Costa Rica,Latin America and Caribbean,12,7.226,0.95578,1.23788,0.86027,0.63376,0.10583,0.25497,3.17728,0.38901659512443,1.9776856327254484,2.6881220210399674,4.333212752202751,0.9239679865206404
12,Austria,Western Europe,13,7.2,1.33723,1.29704,0.89042,0.62433,0.18676,0.33088,2.5332,0.38354060523394984,1.9740810260220096,2.6832815729997477,4.318518323376598,0.9184919966301602
13,Mexico,Latin America and Caribbean,14,7.187,1.02054,0.91451,0.81444,0.48181,0.21312,0.14074,3.60214,0.38080261028870976,1.9722738384863057,2.680858071588274,4.311165363743049,0.9157540016849203
14,United States,North America,15,7.119,1.39451,1.24711,0.86179,0.54604,0.1589,0.40105,2.51011,0.36648079057514604,1.9627672661217361,2.6681454233230992,4.272640912244064,0.9014321819713565
15,Brazil,Latin America and Caribbean,16,6.983,0.98124,1.23287,0.69702,0.49049,0.17521,0.14574,3.26001,0.3378371511480188,1.9434786238638981,2.6425366601052103,4.195271423535632,0.8727885425442293
16,Luxembourg,Western Europe,17,6.946,1.56391,1.21963,0.91894,0.61583,0.37798,0.28034,1.96961,0.33004439630387394,1.9381659543218823,2.635526512862278,4.174147314616033,0.8649957877000843
17,Ireland,Western Europe,18,6.94,1.33596,1.36948,0.89533,0.61777,0.28703,0.45901,1.9757,0.32878070632914785,1.937301774518713,2.6343879744638983,4.170718724817774,0.8637320977253583
18,Belgium,Western Europe,19,6.937,1.30782,1.28566,0.89667,0.5845,0.2254,0.2225,2.41484,0.3281488613417847,1.9368694044031642,2.633818520703353,4.169004108919528,0.8631002527379953
19,United Arab Emirates,Middle East and Northern Africa,20,6.901,1.42727,1.12575,0.80925,0.64157,0.38583,0.26428,2.24743,0.3205667214934274,1.9316663286384648,2.6269754471635247,4.148411979542491,0.855518112889638
20,United Kingdom,Western Europe,21,6.867,1.26637,1.28548,0.90943,0.59625,0.32067,0.51912,1.96994,0.31340581163664566,1.9267273296385394,2.620496136230695,4.128935353697458,0.8483572030328562
21,Oman,Middle East and Northern Africa,22,6.853,1.36011,1.08182,0.76276,0.63274,0.32524,0.21542,2.47489,0.3104572016956178,1.9246865126036865,2.617823523463719,4.1209074762425475,0.8454085930918284
22,Venezuela,Latin America and Caribbean,23,6.81,1.04424,1.25596,0.72052,0.42908,0.11069,0.05841,3.19131,0.30140075687674667,1.918392120161421,2.6095976701399777,4.09622074726067,0.8363521482729571
23,Singapore,Southeastern Asia,24,6.798,1.52186,1.02,1.02525,0.54252,0.4921,0.31105,1.88501,0.2988733769272944,1.9166284512739242,2.607297451385246,4.089323401493617,0.8338247683235048
24,Panama,Latin America and Caribbean,25,6.786,1.06353,1.1985,0.79661,0.5421,0.0927,0.24434,2.84848,0.29634599697784186,1.9148616663620384,2.6049952015310893,4.0824225386266555,0.8312973883740523
25,Germany,Western Europe,26,6.75,1.32792,1.29937,0.89186,0.61477,0.21843,0.28214,2.11569,0.28876385712948477,1.9095425048844386,2.598076211353316,4.061698767086923,0.8237152485256952
26,Chile,Latin America and Caribbean,27,6.67,1.10715,1.12447,0.85857,0.44132,0.12869,0.33363,2.67585,0.2719146574664687,1.8976198599275322,2.582634314028992,4.015531249795094,0.8068660488626792
27,Qatar,Middle East and Northern Africa,28,6.611,1.69042,1.0786,0.79733,0.6404,0.52208,0.32573,1.55674,0.25948837271499436,1.888734928351441,2.5711864965420146,3.9813802060728882,0.7944397641112048
28,France,Western Europe,29,6.575,1.27778,1.26038,0.94579,0.55011,0.20646,0.12332,2.21126,0.25190623286663727,1.8832745780638283,2.564176280991617,3.960499050878678,0.7868576242628477
29,Argentina,Latin America and Caribbean,30,6.574,1.05351,1.24823,0.78723,0.44974,0.08484,0.11451,2.836,0.2516956178708495,1.8831224752420277,2.563981279182826,3.95991854816911,0.78664700926706
30,Czech Republic,Central and Eastern Europe,31,6.505,1.17898,1.20643,0.84483,0.46364,0.02652,0.10686,2.67782,0.2371631831614982,1.8725711119644686,2.55049014897137,3.9198019983346226,0.7721145745577086
31,Uruguay,Latin America and Caribbean,32,6.485,1.06166,1.2089,0.8116,0.60362,0.24558,0.2324,2.32142,0.23295088324574428,1.8694918177684072,2.5465663156493688,3.908151079215113,0.7679022746419547
32,Colombia,Latin America and Caribbean,33,6.477,0.91861,1.24018,0.69077,0.53466,0.0512,0.18401,2.85737,0.23126596327944268,1.86825744020078,2.544995088403905,3.9034878070198302,0.7662173546756531
33,Thailand,Southeastern Asia,34,6.455,0.9669,1.26504,0.7385,0.55664,0.03187,0.5763,2.31945,0.22663243337211322,1.8648550242986057,2.5406692031825,3.890655222026974,0.7615838247683236
34,Saudi Arabia,Middle East and Northern Africa,35,6.411,1.39541,1.08393,0.72025,0.31048,0.32524,0.13706,2.43872,0.21736537355745433,1.8580152650051203,2.5319952606590714,3.86495208505609,0.7523167649536647
35,Spain,Western Europe,36,6.329,1.23011,1.31379,0.95562,0.45951,0.06398,0.18227,2.12367,0.20009494390286295,1.8451422457931683,2.515750385074004,3.8169143572113318,0.7350463352990734
36,Malta,Western Europe,37,6.302,1.2074,1.30203,0.88721,0.60365,0.13586,0.51752,1.6488,0.19440833901659502,1.8408670433350829,2.5103784575238848,3.801057793557301,0.7293597304128056
37,Taiwan,Eastern Asia,38,6.298,1.29098,1.07617,0.8753,0.3974,0.08129,0.25376,2.32323,0.1935658790334443,1.840232122678833,2.5095816384409573,3.798707006003745,0.7285172704296549
38,Kuwait,Middle East and Northern Africa,39,6.295,1.55422,1.16594,0.72492,0.55499,0.25609,0.16228,1.87634,0.1929340340460812,1.8397556674963105,2.5089838580588757,3.7969436323675816,0.7278854254422916
39,Suriname,Latin America and Caribbean,40,6.269,0.99534,0.972,0.6082,0.59657,0.13633,0.16991,2.79094,0.18745804415560102,1.8356168522918315,2.503797116381437,3.781650877917897,0.7224094355518115
40,Trinidad and Tobago,Latin America and Caribbean,41,6.168,1.21183,1.18354,0.61483,0.55884,0.0114,0.31844,2.26882,0.1661859295810433,1.8193746362610284,2.483545852204062,3.722069621576727,0.7011373209772537
41,El Salvador,Latin America and Caribbean,42,6.13,0.76454,1.02507,0.67737,0.4035,0.11776,0.10692,3.035,0.15818255974111065,1.81319474994812,2.4758836806279896,3.6995801103533017,0.693133951137321
42,Guatemala,Latin America and Caribbean,43,6.123,0.74553,1.04356,0.64425,0.57733,0.09472,0.27489,2.74255,0.15670825477059683,1.8120521724958174,2.4744696401451365,3.6954329197919535,0.6916596461668073
43,Uzbekistan,Central and Eastern Europe,44,6.003,0.63244,1.34043,0.59772,0.65821,0.30826,0.22837,2.23741,0.13143445527607278,1.7922593442697061,2.4501020386914503,3.624123550898028,0.6663858466722833
44,Slovakia,Central and Eastern Europe,45,5.995,1.16891,1.26999,0.78902,0.31751,0.03431,0.16893,2.24639,0.12974953530977118,1.7909257884794776,2.448468909339059,3.619355030060722,0.6647009267059817
45,Japan,Eastern Asia,46,5.987,1.27074,1.25712,0.99111,0.49615,0.1806,0.10705,1.68435,0.12806461534346958,1.789590451943215,2.4468346899617064,3.6145846711621683,0.6630160067396801
46,South Korea,Eastern Asia,47,5.984,1.24461,0.95774,0.96538,0.33208,0.07857,0.18557,2.21978,0.12743277035610645,1.7890892406721761,2.446221576227305,3.612795312054171,0.6623841617523168
47,Ecuador,Latin America and Caribbean,48,5.975,0.86402,0.99903,0.79075,0.48574,0.1809,0.11541,2.53942,0.1255372353940171,1.7875840978175743,2.444381312316063,3.607425679521253,0.6604886267902276
48,Bahrain,Middle East and Northern Africa,49,5.96,1.32376,1.21624,0.74716,0.45492,0.306,0.17362,1.73797,0.12237801045720166,1.7850704810772584,2.4413111231467406,3.5984710978635364,0.657329401853412
49,Italy,Western Europe,50,5.948,1.25114,1.19777,0.95446,0.26236,0.02901,0.22823,2.02518,0.11985063050774934,1.7830550285979088,2.4388521890430344,3.5913027457117965,0.6548020219039598
50,Bolivia,Latin America and Caribbean,51,5.89,0.68133,0.97841,0.5392,0.57414,0.088,0.20536,2.82334,0.10763496075206258,1.7732559976634952,2.4269322199023193,3.5565966180973834,0.642586352148273
51,Moldova,Central and Eastern Europe,52,5.889,0.59448,1.01528,0.61826,0.32818,0.01615,0.20951,3.10712,0.107424345756275,1.7730862039624338,2.4267261897461774,3.55599737342389,0.6423757371524855
52,Paraguay,Latin America and Caribbean,53,5.878,0.75985,1.30477,0.66098,0.53899,0.08242,0.3424,2.18896,0.10510758080261028,1.7712165679967256,2.424458702473606,3.549403741013777,0.6400589721988207
53,Kazakhstan,Central and Eastern Europe,54,5.855,1.12254,1.12241,0.64368,0.51649,0.08454,0.11827,2.24729,0.10026343589949324,1.7672959970496807,2.419710726512572,3.535605526636842,0.6352148272957038
54,Slovenia,Central and Eastern Europe,55,5.848,1.18498,1.27385,0.87337,0.60855,0.03787,0.25328,1.61583,0.09878913092897922,1.7660997224474773,2.4182638400306944,3.5314029649110417,0.6337405223251896
55,Lithuania,Central and Eastern Europe,56,5.833,1.14723,1.25745,0.73128,0.21342,0.01031,0.02641,2.44649,0.09562990599216378,1.7635314477715005,2.4151604501564696,3.5223925797961577,0.6305812973883743
56,Nicaragua,Latin America and Caribbean,57,5.828,0.59325,1.14184,0.74314,0.55475,0.19317,0.27815,2.32407,0.09457683101322531,1.7626738883329585,2.414125100321025,3.5193876315961212,0.6295282224094357
57,Peru,Latin America and Caribbean,58,5.824,0.90019,0.97459,0.73017,0.41496,0.05989,0.14982,2.5945,0.09373437103007441,1.7619873108943849,2.413296500639737,3.5169831369513522,0.6286857624262848
58,Belarus,Central and Eastern Europe,59,5.813,1.03192,1.23289,0.73608,0.37938,0.1909,0.11046,2.1309,0.09141760607640968,1.7600967887192134,2.411016383187804,3.5103683159955987,0.6263689974726202
59,Poland,Central and Eastern Europe,60,5.791,1.12555,1.27948,0.77903,0.53122,0.04212,0.16759,1.86565,0.08678407616908042,1.7563049882436528,2.4064496670406386,3.4971278174296083,0.621735467565291
60,Malaysia,Southeastern Asia,61,5.77,1.12486,1.07023,0.72394,0.53024,0.10501,0.33075,1.88541,0.08236116125753855,1.7526720805200082,2.4020824298928627,3.484475602049382,0.617312552653749
61,Croatia,Central and Eastern Europe,62,5.759,1.08254,0.79624,0.78805,0.25883,0.0243,0.05444,2.75414,0.08004439630387401,1.7507638485245354,2.3997916576236364,3.477842944963869,0.6149957877000843
62,Libya,Middle East and Northern Africa,63,5.754,1.13145,1.11862,0.7038,0.41668,0.11023,0.18295,2.09066,0.07899132132493535,1.749895265129356,2.398749674309514,3.474826891559294,0.6139427127211458
63,Russia,Central and Eastern Europe,64,5.716,1.13764,1.23617,0.66926,0.36679,0.03005,0.00199,2.27394,0.07098795148500288,1.743269260067621,2.390815760362977,3.451880086340553,0.6059393428812133
64,Jamaica,Latin America and Caribbean,65,5.709,0.81038,1.15102,0.68741,0.50442,0.02299,0.2123,2.32038,0.06951364651448885,1.742043876982122,2.389351376419969,3.447648244552761,0.6044650379106994
65,North Cyprus,Western Europe,66,5.695,1.20806,1.07008,0.92356,0.49027,0.1428,0.26169,1.59888,0.06656503657346119,1.7395885968991456,2.386419912756345,3.4391800622839717,0.6015164279696715
66,Cyprus,Western Europe,67,5.689,1.20813,0.89318,0.92356,0.40672,0.06146,0.30638,1.88931,0.06530134659873495,1.7385344857685103,2.38516246826081,3.435549001371501,0.6002527379949453
67,Algeria,Middle East and Northern Africa,68,5.605,0.93929,1.07772,0.61766,0.28579,0.17383,0.07822,2.43209,0.04760968695256821,1.7236590565241232,2.367488120350343,3.3845973148601574,0.5825610783487786
68,Kosovo,Central and Eastern Europe,69,5.589,0.80148,0.81198,0.63132,0.24749,0.04741,0.2831,2.76579,0.04423984701996501,1.720800380287561,2.3641065965814656,3.3748673046635442,0.5791912384161754
69,Turkmenistan,Central and Eastern Europe,70,5.548,0.95847,1.22668,0.53886,0.4761,0.30844,0.16979,1.86984,0.035604632192669225,1.7134375024525852,2.355419283269966,3.3498973493617177,0.5705560235888797
70,Mauritius,Sub-Saharan Africa,71,5.477,1.00761,0.98521,0.7095,0.56066,0.07521,0.37744,1.76145,0.020650967491742573,1.7005575058015843,2.3402991261802413,3.30653021598524,0.555602358887953
71,Hong Kong,Eastern Asia,72,5.474,1.38604,1.05818,1.01328,0.59608,0.37124,0.39478,0.65429,0.020019122504379448,1.7000096106184874,2.3396580946796477,3.304694239208952,0.5549705139005899
72,Estonia,Central and Eastern Europe,73,5.429,1.15174,1.22791,0.77361,0.44888,0.15184,0.0868,1.58782,0.010541447693932959,1.6917549549233142,2.330021459128649,3.277119598942503,0.5454928390901433
73,Indonesia,Southeastern Asia,74,5.399,0.82827,1.08708,0.63793,0.46611,0.0,0.51535,1.86399,0.004222997820301903,1.68621375123615,2.323574832020695,3.2586998338323387,0.5391743892165123
74,Vietnam,Southeastern Asia,75,5.36,0.63216,0.91226,0.74676,0.59444,0.10441,0.1686,2.20173,-0.003990987015418339,1.6789639750827108,2.3151673805580453,3.234709881561935,0.5309604043807922
75,Turkey,Middle East and Northern Africa,76,5.332,1.06098,0.94632,0.73172,0.22815,0.15746,0.12253,2.08528,-0.009888206897474041,1.6737264023164622,2.3091123835794565,3.217455232483565,0.5250631844987365
76,Kyrgyzstan,Central and Eastern Europe,77,5.286,0.47428,1.15115,0.65088,0.43477,0.04232,0.3003,2.2327,-0.019576496703708302,1.6650618161820974,2.299130270341374,3.1890513747841123,0.5153748946925022
77,Nigeria,Sub-Saharan Africa,78,5.268,0.65435,0.90432,0.16007,0.34334,0.0403,0.27233,2.89319,-0.02336756662788686,1.6616507838810346,2.295212408471164,3.17791740990648,0.5115838247683236
78,Bhutan,Southern Asia,79,5.253,0.77042,1.10395,0.57407,0.53206,0.15445,0.47998,1.63794,-0.026526791564702296,1.6587993419718245,2.291942407653386,3.1686307111015184,0.5084245998315081
79,Azerbaijan,Central and Eastern Europe,80,5.212,1.02389,0.93793,0.64045,0.3703,0.16065,0.07799,2.00073,-0.035162006391998075,1.6509636592625987,2.2829805080201626,3.1432078932776344,0.49978938500421244
80,Pakistan,Southern Asia,81,5.194,0.59543,0.41411,0.51466,0.12102,0.10464,0.33671,3.10709,-0.03895307631617664,1.6475041132405568,2.279034883453959,3.132028425859791,0.4959983150800339
81,Jordan,Middle East and Northern Africa,82,5.192,0.90198,1.05392,0.69639,0.40661,0.14293,0.11053,1.87996,-0.03937430630775199,1.6471189794017889,2.2785960589801784,3.130785572714328,0.49557708508845855
82,Montenegro,Central and Eastern Europe,82,5.192,0.97438,0.90557,0.72521,0.1826,0.14296,0.1614,2.10017,-0.03937430630775199,1.6471189794017889,2.2785960589801784,3.130785572714328,0.49557708508845855
83,China,Eastern Asia,84,5.14,0.89012,0.94675,0.81658,0.51697,0.02781,0.08185,1.8604,-0.0503262860887125,1.6370530794670737,2.2671568097509267,3.0984226558820747,0.484625105307498
84,Zambia,Sub-Saharan Africa,85,5.129,0.47038,0.91612,0.29924,0.48827,0.12468,0.19591,2.6343,-0.05264305104237722,1.6349107084071313,2.2647295644292718,3.091564561453643,0.4823083403538332
85,Romania,Central and Eastern Europe,86,5.124,1.04345,0.88588,0.7689,0.35068,0.00649,0.13748,1.93129,-0.0536961260213157,1.6339353840344877,2.2636254107073457,3.0884458418720193,0.4812552653748948
86,Serbia,Central and Eastern Europe,87,5.123,0.92053,1.00964,0.74836,0.20107,0.02617,0.19231,2.025,-0.053906741017103285,1.6337402049570653,2.2634045153264144,3.0878219925107655,0.48104465037910715
87,Portugal,Western Europe,88,5.102,1.15991,1.13935,0.87519,0.51469,0.01078,0.13719,1.26462,-0.05832965592864497,1.6296326197196198,2.258760722166029,3.0747130182420555,0.47662173546756537
88,Latvia,Central and Eastern Europe,89,5.098,1.11312,1.09562,0.72437,0.29671,0.06332,0.18226,1.62215,-0.059172115911795865,1.6288483059539236,2.257875107263464,3.072214305505932,0.47577927548441445
89,Philippines,Southeastern Asia,90,5.073,0.70532,1.03516,0.58114,0.62545,0.12279,0.24991,1.7536,-0.06443749080648825,1.623932358584553,2.252332124709853,3.0565844987649258,0.4705139005897222
90,Somaliland region,Sub-Saharan Africa,91,5.057,0.18847,0.95152,0.43873,0.46582,0.39928,0.50318,2.11032,-0.06780733073909145,1.620773422097846,2.2487774456357394,3.0465697491516632,0.467144060657119
91,Morocco,Middle East and Northern Africa,92,5.013,0.73479,0.64095,0.60954,0.41691,0.08546,0.07172,2.45373,-0.07707439055375037,1.6120345382813663,2.238972978845435,3.0189818694327055,0.4578770008424601
92,Macedonia,Central and Eastern Europe,93,5.007,0.91851,1.00232,0.73545,0.33457,0.05327,0.22359,1.73933,-0.07833808052847661,1.6108369333478076,2.2376326776305353,3.015214478413109,0.4566133108677338
93,Mozambique,Sub-Saharan Africa,94,4.971,0.08308,1.02626,0.09131,0.34037,0.15603,0.22269,3.05137,-0.08592022037683374,1.6036210271125355,2.2295739503322154,2.9925826772844784,0.44903117101937673
94,Albania,Central and Eastern Europe,95,4.959,0.87867,0.80434,0.81325,0.35733,0.06413,0.14272,1.89894,-0.08844760032628624,1.6012041075069967,2.226881227187476,2.9850282357549798,0.4465037910699242
95,Bosnia and Herzegovina,Central and Eastern Europe,96,4.949,0.83223,0.91916,0.79081,0.09245,0.00227,0.24808,2.06367,-0.09055375028416318,1.5991855359697489,2.2246348014898985,2.9787288342561586,0.44439764111204727
96,Lesotho,Sub-Saharan Africa,97,4.898,0.37545,1.04103,0.07612,0.31767,0.12504,0.16388,2.79832,-0.10129511506933593,1.588826958529976,2.213142562059661,2.9465444851930256,0.4336562763268744
97,Dominican Republic,Latin America and Caribbean,98,4.885,0.89537,1.17202,0.66825,0.57672,0.14234,0.21684,1.21305,-0.104033110014576,1.586169285494746,2.2102036105300344,2.9383251807173796,0.43091828138163446
98,Laos,Southeastern Asia,99,4.876,0.59066,0.73803,0.54909,0.59591,0.24249,0.42192,1.73799,-0.1059286449766652,1.5843252116190252,2.2081666603768837,2.93263119243429,0.4290227464195452
99,Mongolia,Eastern Asia,100,4.874,0.82819,1.3006,0.60268,0.43626,0.02666,0.3323,1.34759,-0.10634987496824073,1.5839149552030145,2.2077137495608437,2.9313654496615094,0.4286015164279696
100,Swaziland,Sub-Saharan Africa,101,4.867,0.71206,1.07284,0.07566,0.30658,0.0306,0.18259,2.48676,-0.10782417993875457,1.5824777308513172,2.2061278294786093,2.9269341681420267,0.4271272114574559
101,Greece,Western Europe,102,4.857,1.15406,0.92933,0.88213,0.07699,0.01397,0.0,1.80101,-0.10993032989663153,1.5804209633636077,2.203860249652868,2.920600571595351,0.42502106149957897
102,Lebanon,Middle East and Northern Africa,103,4.839,1.02564,0.80001,0.83947,0.33916,0.04582,0.21854,1.57059,-0.11372139982081007,1.5767080878111817,2.199772715532221,2.9091905980692667,0.4212299915754004
103,Hungary,Central and Eastern Europe,104,4.8,1.12094,1.20215,0.75905,0.32112,0.02758,0.128,1.24074,-0.1219353846565305,1.5686159179138452,2.1908902300206643,2.8844268380671902,0.41301600673967986
104,Honduras,Latin America and Caribbean,105,4.788,0.59532,0.95348,0.6951,0.40148,0.06825,0.23027,1.84408,-0.12446276460598282,1.5661127876957268,2.1881499034572562,2.8767955438042487,0.4104886267902276
105,Tajikistan,Central and Eastern Europe,106,4.786,0.39047,0.85563,0.57379,0.47216,0.15072,0.22974,2.11399,-0.12488399459755836,1.5656949894861816,2.1876928486421487,2.875523124704008,0.410067396798652
106,Tunisia,Middle East and Northern Africa,107,4.739,0.88113,0.60429,0.73793,0.26268,0.06358,0.06431,2.12466,-0.1347828993995802,1.5558261429854512,2.176924435987616,2.8455768874073004,0.4001684919966302
107,Palestinian Territories,Middle East and Northern Africa,108,4.715,0.59867,0.92558,0.66015,0.24499,0.12905,0.11251,2.04384,-0.13983765929848502,1.5507489160854209,2.1714050750608465,2.830252131213395,0.3951137320977254
108,Bangladesh,Southern Asia,109,4.694,0.39753,0.43106,0.60164,0.4082,0.12569,0.21222,2.51767,-0.1442605742100267,1.5462850974288318,2.166564100136435,2.8168244812652774,0.3906908171861837
109,Iran,Middle East and Northern Africa,110,4.686,1.0088,0.54447,0.69805,0.30033,0.05863,0.38086,1.6944,-0.1459454941763283,1.5445793400856038,2.164717071582335,2.8117046251317075,0.3890058972198821
110,Ukraine,Central and Eastern Europe,111,4.681,0.79907,1.20278,0.6739,0.25123,0.02961,0.15275,1.5714,-0.14699856915526677,1.5435117623179335,2.163561878015048,2.8085034332245766,0.38795282224094363
111,Iraq,Middle East and Northern Africa,112,4.677,0.98549,0.81889,0.60237,0.0,0.13788,0.17922,1.95335,-0.14784102913841768,1.5426568787437491,2.162637278879655,2.805941768658219,0.3871103622577927
112,South Africa,Sub-Saharan Africa,113,4.642,0.92049,1.18468,0.27688,0.33207,0.08884,0.11973,1.71956,-0.15521255399098702,1.5351453078522455,2.154530111184339,2.78350013402428,0.3797388374052234
113,Ghana,Sub-Saharan Africa,114,4.633,0.54558,0.67954,0.40132,0.42342,0.04355,0.23087,2.30919,-0.15710808895307637,1.5332046064345113,2.1524404753674373,2.7777215399490345,0.377843302443134
114,Zimbabwe,Sub-Saharan Africa,115,4.61,0.271,1.03276,0.33475,0.25861,0.08079,0.18987,2.44191,-0.16195223385619342,1.5282278570085572,2.147091055358389,2.762939269990548,0.372999157540017
115,Liberia,Sub-Saharan Africa,116,4.571,0.0712,0.78968,0.34201,0.28531,0.06232,0.24362,2.77729,-0.17016621869191384,1.5197319993496072,2.137989709984592,2.737824895766274,0.36478517270429656
116,India,Southern Asia,117,4.565,0.64499,0.38174,0.51529,0.39786,0.08492,0.26475,2.27513,-0.1714299086666399,1.518418514046932,2.13658606192215,2.7339556635818307,0.3635214827295705
117,Sudan,Sub-Saharan Africa,118,4.55,0.52107,1.01404,0.36878,0.10081,0.1466,0.19062,2.20857,-0.17458913360345554,1.5151272329628591,2.1330729007701543,2.7242761509743985,0.3603622577927549
118,Haiti,Latin America and Caribbean,119,4.518,0.26673,0.74302,0.38847,0.24425,0.17175,0.46187,2.24173,-0.18132881346866195,1.5080694180458114,2.1255587500702022,2.703595659003929,0.3536225779275485
119,Congo (Kinshasa),Sub-Saharan Africa,120,4.517,0.0,1.0012,0.09806,0.22605,0.07625,0.24834,2.86712,-0.18153942846444954,1.5078480566724672,2.1253235047869774,2.702948713320481,0.3534119629317609
120,Nepal,Southern Asia,121,4.514,0.35997,0.86449,0.56874,0.38282,0.05907,0.32296,1.95637,-0.18217127345181267,1.507183678395344,2.1246176126540983,2.7010076280384845,0.3527801179443978
121,Ethiopia,Sub-Saharan Africa,122,4.512,0.19073,0.60406,0.44055,0.4345,0.15048,0.24325,2.44876,-0.1825925034433882,1.5067405141957577,2.1241468875762806,2.699713364205983,0.3523588879528222
122,Sierra Leone,Sub-Saharan Africa,123,4.507,0.33024,0.95571,0.0,0.4084,0.08786,0.21488,2.51009,-0.18364557842232668,1.5056317437085112,2.122969618247044,2.6964769795122803,0.35130581297388375
123,Mauritania,Sub-Saharan Africa,124,4.436,0.45407,0.86908,0.35874,0.24232,0.17461,0.219,2.11773,-0.19859924312325333,1.4897530694881207,2.106181378704123,2.6504076868388684,0.3363521482729571
124,Kenya,Sub-Saharan Africa,125,4.419,0.36471,0.99876,0.41435,0.42215,0.05839,0.37542,1.78555,-0.2021796980516443,1.485913426148603,2.102141764962582,2.6393455047801293,0.33277169334456613
125,Djibouti,Sub-Saharan Africa,126,4.369,0.44025,0.59207,0.36291,0.46074,0.28105,0.18093,2.05125,-0.21271044784102927,1.4745341499692988,2.090215299915298,2.606738173398346,0.3222409435551812
126,Armenia,Central and Eastern Europe,127,4.35,0.76821,0.77711,0.7299,0.19847,0.039,0.07855,1.75873,-0.2167121327609956,1.4701758451005926,2.085665361461421,2.5943191694140113,0.31823925863521485
127,Botswana,Sub-Saharan Africa,128,4.332,0.99355,1.10464,0.04776,0.49495,0.12474,0.10461,1.46181,-0.22050320268517415,1.466029329138744,2.081345718519631,2.5825393390815594,0.3144481887110363
128,Myanmar,Southeastern Asia,129,4.307,0.27108,0.70905,0.48246,0.44017,0.19034,0.79588,1.41805,-0.22576857757986654,1.4602416060719736,2.07533129885327,2.566154982834708,0.3091828138163438
129,Georgia,Central and Eastern Europe,130,4.297,0.7419,0.38562,0.72926,0.40577,0.38331,0.05547,1.59541,-0.22787472753774368,1.457917104792858,2.0729206448873048,2.5595935550517943,0.30707666385846677
130,Malawi,Sub-Saharan Africa,131,4.292,0.01604,0.41134,0.22562,0.43054,0.06977,0.33128,2.80791,-0.22892780251668216,1.456752824768452,2.0717142660125694,2.5563111877333196,0.3060235888795283
131,Sri Lanka,Southern Asia,132,4.271,0.83524,1.01905,0.70806,0.53726,0.09179,0.40828,0.67108,-0.23335071742822386,1.4518479918593294,2.066639784771405,2.542513164580831,0.3016006739679866
132,Cameroon,Sub-Saharan Africa,133,4.252,0.4225,0.88767,0.23402,0.49309,0.05786,0.20618,1.95071,-0.2373524023481902,1.4473894604797015,2.0620378270051205,2.530012347455958,0.2975989890480203
133,Bulgaria,Central and Eastern Europe,134,4.218,1.01216,1.10614,0.76649,0.30587,0.00872,0.11921,0.89991,-0.24451331220497194,1.4393610820565828,2.0537770083434084,2.507602113522677,0.29043807919123843
134,Egypt,Middle East and Northern Africa,135,4.194,0.8818,0.747,0.61712,0.17288,0.06324,0.11291,1.59927,-0.24956807210387674,1.433654932479728,2.0479257799051216,2.4917517104631726,0.2853833192923336
135,Yemen,Middle East and Northern Africa,136,4.077,0.54649,0.68093,0.40064,0.35571,0.07854,0.09131,1.92313,-0.27421002661103766,1.4053614238371164,2.0191582404556607,2.4141019310282785,0.26074136478517274
136,Angola,Sub-Saharan Africa,137,4.033,0.75778,0.8604,0.16683,0.10384,0.07122,0.12344,1.94939,-0.28347708642569636,1.3945105158912312,2.008233054204616,2.384734365585701,0.25147430497051404
137,Mali,Sub-Saharan Africa,138,3.995,0.26074,1.03526,0.20583,0.38857,0.12352,0.18798,1.79293,-0.291480456265629,1.385043579218238,1.9987496091306685,2.359296932991504,0.24347093513058138
138,Congo (Brazzaville),Sub-Saharan Africa,139,3.989,0.67866,0.6629,0.31051,0.41466,0.11686,0.12388,1.68135,-0.2927441462403553,1.3835405729232695,1.9972481067709138,2.3552741217929154,0.24220724515585512
139,Comoros,Sub-Saharan Africa,140,3.956,0.23906,0.79273,0.36315,0.22917,0.199,0.17441,1.95812,-0.29969444110134935,1.3752334137604656,1.988969582472291,2.3331173261826685,0.23525695029486104
140,Uganda,Sub-Saharan Africa,141,3.931,0.21102,1.13299,0.33861,0.45727,0.07267,0.29066,1.42766,-0.3049598159960419,1.3688938464397233,1.9826749607537792,2.316296326849152,0.22999157540016857
141,Senegal,Sub-Saharan Africa,142,3.904,0.36498,0.97619,0.4354,0.36772,0.10713,0.20843,1.44395,-0.3106464208823098,1.362001668550846,1.975854245636555,2.298094907150851,0.22430497051390064
142,Gabon,Sub-Saharan Africa,143,3.896,1.06024,0.90528,0.43372,0.31914,0.11091,0.06822,0.99895,-0.3123313408486114,1.3599503857802886,1.9738287666360523,2.292694919952583,0.22262005054759904
143,Niger,Sub-Saharan Africa,144,3.845,0.0694,0.77265,0.29707,0.47692,0.15639,0.19387,1.87877,-0.32307270563378404,1.3467736029576074,1.9608671551127579,2.258194341520613,0.2118786857624264
144,Cambodia,Southeastern Asia,145,3.819,0.46038,0.62736,0.61114,0.66246,0.07247,0.40359,0.98195,-0.3285486955242643,1.3399886082433792,1.954226189569672,2.2405549939064615,0.20640269587194615
145,Tanzania,Sub-Saharan Africa,146,3.781,0.2852,1.00268,0.38215,0.32878,0.05747,0.34377,1.38079,-0.33655206536419685,1.329988524908796,1.9444793647657976,2.2147118765731806,0.1983993260320136
146,Madagascar,Sub-Saharan Africa,147,3.681,0.20824,0.66801,0.46721,0.19184,0.08124,0.21333,1.851,-0.35761356494296687,1.303184454396884,1.9185932346383379,2.146342155295871,0.17733782645324347
147,Central African Republic,Sub-Saharan Africa,148,3.678,0.0785,0.0,0.06699,0.48879,0.08289,0.23835,2.7223,-0.35824540993033,1.3023691261821293,1.9178112524437851,2.144282836743155,0.17670598146588035
148,Chad,Sub-Saharan Africa,149,3.667,0.34193,0.76062,0.1501,0.23501,0.05269,0.18386,1.94296,-0.3605621748839947,1.2993738890891888,1.9149412523625888,2.1367278474379425,0.17438921651221562
149,Guinea,Sub-Saharan Africa,150,3.656,0.17417,0.46475,0.24009,0.37725,0.12139,0.28657,1.99172,-0.3628789398376594,1.2963696535919036,1.9120669444347391,2.1291663103212897,0.172072451558551
150,Ivory Coast,Sub-Saharan Africa,151,3.655,0.46534,0.77115,0.15185,0.46866,0.17922,0.20165,1.41723,-0.3630895548334471,1.2960960932017418,1.911805429430516,2.1284785722947643,0.17186183656276321
151,Burkina Faso,Sub-Saharan Africa,152,3.587,0.25812,0.85188,0.27125,0.39493,0.12832,0.21747,1.46494,-0.3774113745470107,1.2773161985501456,1.8939376969689368,2.081583882762105,0.15754001684919972
152,Afghanistan,Southern Asia,153,3.575,0.31982,0.30285,0.30335,0.23414,0.09719,0.3651,1.9521,-0.3799387544964631,1.273965176145971,1.8907670401189038,2.073281802820759,0.1550126368997473
153,Rwanda,Sub-Saharan Africa,154,3.465,0.22208,0.7737,0.42864,0.59201,0.55191,0.22628,0.67042,-0.40310640403311016,1.2427126326418665,1.8614510468986285,1.9967997120666157,0.13184498736310024
154,Benin,Sub-Saharan Africa,155,3.34,0.28665,0.35386,0.3191,0.4845,0.0801,0.1826,1.63328,-0.42943327850657265,1.205970806988609,1.8275666882497066,1.909031397481321,0.10551811288963775
155,Syria,Middle East and Northern Africa,156,3.006,0.6632,0.47489,0.72193,0.15684,0.18906,0.47179,0.32858,-0.4997786870996645,1.1006102913307827,1.7337819932159868,1.6697006741101508,0.03517270429654584
156,Burundi,Sub-Saharan Africa,157,2.905,0.0153,0.41587,0.22396,0.1185,0.10062,0.19727,1.83302,-0.5210508016742222,1.0664333903038745,1.704406054905931,1.5958400882062285,0.013900589721988155
157,Togo,Sub-Saharan Africa,158,2.839,0.20868,0.13995,0.28443,0.36453,0.10731,0.16681,1.56726,-0.5349513913962104,1.0434518774908341,1.68493323309857,1.5471741038270073,0.0
158,Denmark,Western Europe,1,7.526,1.44178,1.16374,0.79504,0.57941,0.44453,0.36171,2.73939,0.45220109386074,2.0183636921712456,2.7433556094680833,4.501677451387246,0.9871524852569505
159,Switzerland,Western Europe,2,7.509,1.52733,1.14524,0.86303,0.58557,0.41203,0.28083,2.69463,0.4486206389323492,2.016102301117747,2.740255462543593,4.492183605693669,0.9835720303285597
160,Iceland,Western Europe,3,7.501,1.42666,1.18326,0.86733,0.56624,0.14975,0.47678,2.83137,0.4469357189660476,2.0150363449874993,2.738795355626265,4.487713766160799,0.9818871103622581
161,Norway,Western Europe,4,7.498,1.57744,1.1269,0.79579,0.59609,0.35776,0.37895,2.66465,0.4463038739786845,2.01463631831372,2.7382476148076895,4.486037221440099,0.981255265374895
162,Finland,Western Europe,5,7.413,1.40598,1.13464,0.81091,0.57104,0.41004,0.25492,2.82596,0.42840159933673,2.0032352156745827,2.7226825007701505,4.438454232719128,0.9633529907329405
163,Canada,North America,6,7.404,1.44015,1.0961,0.8276,0.5737,0.31329,0.44834,2.70485,0.4265060643746406,2.002020394711251,2.721029217042698,4.433406834023835,0.961457455770851
164,Netherlands,Western Europe,7,7.339,1.46468,1.02912,0.81231,0.55211,0.29927,0.47416,2.70749,0.4128160896484402,1.9932025935629258,2.709058877174876,4.396900608263332,0.9477674810446507
165,New Zealand,Australia and New Zealand,8,7.334,1.36066,1.17278,0.83096,0.58147,0.41904,0.49401,2.47553,0.41176301466950155,1.9925210696491342,2.708135890238893,4.394088578006149,0.9467144060657119
166,Australia,Australia and New Zealand,9,7.313,1.44443,1.10476,0.8512,0.56837,0.32331,0.47407,2.5465,0.4073400997579599,1.989653586288814,2.704255905050408,4.382271998720205,0.9422914911541703
167,Sweden,Western Europe,10,7.291,1.45181,1.08764,0.83121,0.58218,0.40867,0.38254,2.54734,0.4027065698506306,1.9866407108242934,2.7001851788349627,4.3698822095345955,0.9376579612468411
168,Israel,Middle East and Northern Africa,11,7.267,1.33766,0.99537,0.84917,0.36432,0.08728,0.32288,3.31029,0.3976518099517258,1.9833435516344988,2.695737375932604,4.356353755439729,0.9326032013479363
169,Austria,Western Europe,12,7.119,1.45038,1.08383,0.80565,0.54355,0.21348,0.32865,2.69343,0.36648079057514604,1.9627672661217361,2.6681454233230992,4.272640912244064,0.9014321819713565
170,United States,North America,13,7.104,1.50796,1.04782,0.779,0.48163,0.14868,0.41077,2.72782,0.3633215656383306,1.960658005689869,2.665332999833229,4.264128590645145,0.898272957034541
171,Costa Rica,Latin America and Caribbean,14,7.087,1.06879,1.02152,0.76146,0.55225,0.10547,0.22553,3.35168,0.35974111070993964,1.958262119828119,2.6621419947102747,4.2544750151445685,0.8946925021061501
172,Puerto Rico,Latin America and Caribbean,15,7.039,1.35943,1.08113,0.77758,0.46823,0.12275,0.22202,3.0076,0.34963159091213003,1.9514661146259946,2.653111381001559,4.227181681292752,0.8845829823083405
173,Germany,Western Europe,16,6.994,1.44787,1.09774,0.81487,0.53466,0.28551,0.30452,2.50931,0.34015391610168355,1.9450526386411842,2.6446171745642126,4.201545325329636,0.875105307497894
174,Brazil,Latin America and Caribbean,17,6.952,1.08754,1.03938,0.61415,0.40425,0.14166,0.15776,3.50733,0.33130808627860014,1.9390293879630909,2.6366645596283194,4.177575049210629,0.8662594776748106
175,Belgium,Western Europe,18,6.929,1.42539,1.05249,0.81959,0.51354,0.26248,0.2424,2.61355,0.3264639413754831,1.9357155026452442,2.6322993750711565,4.164430752536292,0.8614153327716937
176,Ireland,Western Europe,19,6.907,1.48341,1.16157,0.81455,0.54008,0.29754,0.44963,2.15988,0.32183041146815367,1.9325353901068358,2.6281171967779517,4.151846151478929,0.8567818028643642
177,Luxembourg,Western Europe,20,6.871,1.69752,1.03999,0.84542,0.5487,0.35329,0.27571,2.11055,0.31424827161979657,1.927309656048939,2.621259239373321,4.13122816452227,0.8491996630160069
178,Mexico,Latin America and Caribbean,21,6.778,1.11508,0.7146,0.71143,0.37709,0.18355,0.11735,3.55906,0.29466107701154026,1.9136820731848596,2.603459237245707,4.077820005479617,0.8296124684077507
179,Singapore,Southeastern Asia,22,6.739,1.64555,0.86758,0.94719,0.4877,0.46987,0.32706,1.99375,0.28644709217582004,1.9079115459640799,2.595958397201311,4.055360142063073,0.8213984835720304
180,United Kingdom,Western Europe,23,6.725,1.40283,1.08672,0.80991,0.50036,0.27399,0.50156,2.14999,0.2834984822347922,1.9058319254879028,2.593260495977988,4.0472884777540505,0.8184498736310025
181,Chile,Latin America and Caribbean,24,6.705,1.2167,0.90587,0.81883,0.37789,0.11451,0.31595,2.95505,0.27928618231903823,1.9028535167336418,2.5894014752448102,4.035749104884441,0.8142375737152486
182,Panama,Latin America and Caribbean,25,6.701,1.18306,0.98912,0.70835,0.48927,0.08423,0.2418,3.00559,0.2784437223358874,1.9022567689910337,2.588628980754098,4.033440038167006,0.8133951137320977
183,Argentina,Latin America and Caribbean,26,6.65,1.15137,1.06612,0.69711,0.42284,0.07296,0.10989,3.12985,0.2677023575507148,1.8946168546677629,2.5787593916455256,4.003964436459139,0.8026537489469253
184,Czech Republic,Central and Eastern Europe,27,6.596,1.30915,1.00793,0.76376,0.41418,0.03986,0.09929,2.96211,0.25632914777817895,1.8864634046973525,2.5682678987987213,3.972683725634399,0.7912805391743895
185,United Arab Emirates,Middle East and Northern Africa,28,6.573,1.57352,0.87114,0.72993,0.56215,0.35561,0.26591,2.21507,0.2514850028750619,1.8829703492814391,2.56378626254218,3.9593380199574524,0.7864363942712723
186,Uruguay,Latin America and Caribbean,29,6.545,1.18157,1.03143,0.72183,0.54388,0.21394,0.18056,2.67139,0.2455877829930062,1.8787013993618633,2.5583197610932062,3.9430728558335106,0.7805391743892166
187,Malta,Western Europe,30,6.488,1.30782,1.09879,0.80315,0.54994,0.17554,0.56237,1.99032,0.2335827282331074,1.8699543168131119,2.547155275989275,3.9098993779046265,0.768534119629318
188,Colombia,Latin America and Caribbean,31,6.481,1.03032,1.02169,0.59659,0.44735,0.05399,0.15626,3.17471,0.2321084232625934,1.8688748194455789,2.545780823244609,3.905819650915026,0.7670598146588038
189,France,Western Europe,32,6.478,1.39488,1.00508,0.83795,0.46562,0.17808,0.1216,2.4744,0.23147657827523027,1.8684118207491376,2.5451915448547284,3.904070806973754,0.7664279696714408
190,Thailand,Southeastern Asia,33,6.474,1.0893,1.04477,0.64915,0.49553,0.02833,0.58696,2.5796,0.23063411829207955,1.8677941555040527,2.5444056280396805,3.9017386511651546,0.7655855096882901
191,Saudi Arabia,Middle East and Northern Africa,34,6.379,1.48953,0.84829,0.59267,0.37904,0.30008,0.15457,2.61482,0.21062569369224793,1.8530113452598183,2.5256682284100576,3.8462268895988623,0.7455770850884583
192,Taiwan,Eastern Asia,34,6.379,1.39729,0.92624,0.79565,0.32377,0.0663,0.25495,2.61523,0.21062569369224793,1.8530113452598183,2.5256682284100576,3.8462268895988623,0.7455770850884583
193,Qatar,Middle East and Northern Africa,36,6.375,1.82427,0.87964,0.71723,0.56679,0.48049,0.32388,1.58224,0.2097832337090972,1.8523840910444898,2.5248762345905194,3.8438843349488834,0.7447346251053076
194,Spain,Western Europe,37,6.361,1.34253,1.12945,0.87896,0.37545,0.06137,0.17665,2.39663,0.20683462376806935,1.8501855976966672,2.5221022976873875,3.8356820483046454,0.7417860151642798
195,Algeria,Middle East and Northern Africa,38,6.355,1.05266,0.83309,0.61804,0.21006,0.16157,0.07044,3.40904,0.2055709337933433,1.8492419046414175,2.5209125331911064,3.832165186985319,0.7405223251895537
196,Guatemala,Latin America and Caribbean,39,6.324,0.83454,0.87119,0.54039,0.50379,0.08701,0.28808,3.19863,0.19904186892392448,1.8443519193472255,2.514756449439985,3.813979432721396,0.733993260320135
197,Suriname,Latin America and Caribbean,40,6.269,1.09686,0.77866,0.50933,0.52234,0.12692,0.16665,3.06852,0.18745804415560102,1.8356168522918315,2.503797116381437,3.781650877917897,0.7224094355518115
198,Kuwait,Middle East and Northern Africa,41,6.239,1.61714,0.87758,0.63569,0.43166,0.23669,0.15965,2.28085,0.18113959428196996,1.8308199131286493,2.497799031147222,3.7639826113735153,0.7160909856781804
199,Bahrain,Middle East and Northern Africa,42,6.218,1.44024,0.94397,0.65696,0.47375,0.25772,0.17147,2.27405,0.1767166793704283,1.827448311636562,2.4935917869611295,3.751600225137521,0.7116680707666386
200,Trinidad and Tobago,Latin America and Caribbean,43,6.168,1.32572,0.98569,0.52608,0.48453,0.01241,0.31935,2.51394,0.1661859295810433,1.8193746362610284,2.483545852204062,3.722069621576727,0.7011373209772537
201,Venezuela,Latin America and Caribbean,44,6.084,1.13367,1.03302,0.61904,0.19847,0.08304,0.0425,2.97468,0.1484942699348764,1.8056623743970464,2.4665765749313358,3.6723020177046455,0.6834456613310868
202,Slovakia,Central and Eastern Europe,45,6.078,1.27973,1.08268,0.70367,0.23391,0.02947,0.13837,2.61065,0.14723057996015035,1.8046756944946014,2.4653600142778336,3.668739621997875,0.6821819713563607
203,El Salvador,Latin America and Caribbean,46,6.068,0.8737,0.80975,0.596,0.37269,0.10613,0.08877,3.22134,0.14512443000227318,1.8030290614862858,2.463331078032346,3.662800037961372,0.6800758213984835
204,Malaysia,Southeastern Asia,47,6.005,1.25142,0.88025,0.62366,0.39031,0.09081,0.41474,2.35384,0.13185568526764815,1.7925924555319468,2.450510150968569,3.625315394280378,0.6668070766638586
205,Nicaragua,Latin America and Caribbean,48,5.992,0.69384,0.89521,0.65213,0.46582,0.16292,0.29773,2.82428,0.12911769032240805,1.7904252462149184,2.4478562049270787,3.617566361041403,0.6640690817186184
206,Uzbekistan,Central and Eastern Europe,49,5.987,0.73591,1.1681,0.50163,0.60848,0.28333,0.34326,2.34638,0.12806461534346958,1.789590451943215,2.4468346899617064,3.6145846711621683,0.6630160067396801
207,Italy,Western Europe,50,5.977,1.35495,1.04167,0.85102,0.18827,0.02556,0.16684,2.34918,0.12595846538559263,1.7879187698421173,2.4447903795622232,3.608619132941243,0.6609098567818031
208,Ecuador,Latin America and Caribbean,51,5.976,0.97306,0.85974,0.68613,0.4027,0.18037,0.10074,2.77366,0.12574785038980485,1.787751447830516,2.4445858544956036,3.608022420649963,0.6606992417860152
209,Belize,Latin America and Caribbean,52,5.956,0.87616,0.68655,0.45569,0.51231,0.10771,0.23684,3.08039,0.12153555047405094,1.7843991148217626,2.4404917537250563,3.5960821106767886,0.6564869418702614
210,Japan,Eastern Asia,53,5.921,1.38007,1.06054,0.91491,0.46761,0.18985,0.10224,1.80584,0.11416402562148141,1.7785053535496391,2.4333105021759964,3.5751586616797777,0.6491154170176919
211,Kazakhstan,Central and Eastern Europe,54,5.919,1.22943,0.95544,0.57386,0.4052,0.11132,0.15011,2.49325,0.11374279562990587,1.7781675157085879,2.432899504706267,3.573961958823891,0.6486941870261164
212,Moldova,Central and Eastern Europe,55,5.897,0.69177,0.83132,0.52309,0.25202,0.01903,0.19997,3.38007,0.1091092657225766,1.7744437470183672,2.428373941550189,3.5607905084973064,0.6440606571187871
213,Russia,Central and Eastern Europe,56,5.856,1.23228,1.05261,0.58991,0.32682,0.03586,0.02736,2.59115,0.10047405089528082,1.7674667766590104,2.4199173539606678,3.5362057741143844,0.6354254422914912
214,Poland,Central and Eastern Europe,57,5.835,1.24585,1.04685,0.69058,0.4519,0.055,0.14443,2.20035,0.09605113598373914,1.7638742657385194,2.4155744658362326,3.523594350767696,0.6310025273799497
215,South Korea,Eastern Asia,57,5.835,1.35948,0.72194,0.88645,0.25168,0.07716,0.18824,2.35015,0.09605113598373914,1.7638742657385194,2.4155744658362326,3.523594350767696,0.6310025273799497
216,Bolivia,Latin America and Caribbean,59,5.822,0.79422,0.83779,0.4697,0.50961,0.07746,0.21698,2.91635,0.09331314103849905,1.7616438453234315,2.4128820940941145,3.51578071078908,0.6282645324347095
217,Lithuania,Central and Eastern Europe,60,5.813,1.2692,1.06411,0.64674,0.18929,0.0182,0.02025,2.60525,0.09141760607640968,1.7600967887192134,2.411016383187804,3.5103683159955987,0.6263689974726202
218,Belarus,Central and Eastern Europe,61,5.802,1.13062,1.04993,0.63104,0.29091,0.17457,0.13942,2.38582,0.08910084112274497,1.7582026856992121,2.4087341073684327,3.503749879100921,0.6240522325189554
219,North Cyprus,Western Europe,62,5.771,1.31141,0.81826,0.84142,0.43596,0.16578,0.26322,1.93447,0.08257177625332632,1.7528453757288294,2.402290573598456,3.4850783897138395,0.6175231676495369
220,Slovenia,Central and Eastern Europe,63,5.768,1.29947,1.05613,0.79151,0.53164,0.03635,0.25738,1.79522,0.0819399312659632,1.752325399982648,2.401666088364492,3.4832699362004425,0.6168913226621736
221,Peru,Latin America and Caribbean,64,5.743,0.99602,0.81255,0.62994,0.37502,0.05292,0.14527,2.73117,0.07667455637127081,1.7479817218821596,2.3964557162609954,3.4681889082986417,0.6116259477674811
222,Turkmenistan,Central and Eastern Europe,65,5.658,1.08017,1.03817,0.44006,0.37408,0.28467,0.22567,2.21489,0.058772281729316304,1.7330704728793755,2.378655082184048,3.4167708653313364,0.5937236731255268
223,Mauritius,Sub-Saharan Africa,66,5.648,1.14372,0.75695,0.66189,0.46145,0.05203,0.36951,2.20223,0.05666613177143916,1.7313015001909409,2.3765521244020715,3.410707068855292,0.5916175231676496
224,Libya,Middle East and Northern Africa,67,5.615,1.06688,0.95076,0.52304,0.40672,0.10339,0.17087,2.39374,0.04971583691044517,1.7254415881904066,2.369599122214557,3.3906744976755467,0.5846672283066555
225,Latvia,Central and Eastern Europe,68,5.56,1.21788,0.95025,0.63952,0.27996,0.0889,0.17445,2.20859,0.03813201214212154,1.715598108262491,2.3579652245103193,3.3572111284548476,0.573083403538332
226,Cyprus,Western Europe,69,5.546,1.31857,0.70697,0.8488,0.29507,0.05228,0.27906,2.04497,0.03518340220109387,1.7130769471935863,2.354994692138392,3.3486779422199993,0.5701347935973043
227,Paraguay,Latin America and Caribbean,70,5.538,0.89373,1.11111,0.58295,0.46235,0.07396,0.25296,2.16091,0.033498482234792265,1.7116334247487701,2.353295561547678,3.343799043034798,0.5684498736310027
228,Romania,Central and Eastern Europe,71,5.528,1.1697,0.72803,0.67602,0.36712,0.00679,0.12889,2.45184,0.031392332276915125,1.7098260864653687,2.3511699215496953,3.3376975557240813,0.5663437236731256
229,Estonia,Central and Eastern Europe,72,5.517,1.27964,1.05163,0.68098,0.41511,0.18519,0.08423,1.81985,0.029075567323250586,1.7078342342902937,2.348829495727606,3.3309822367916095,0.564026958719461
230,Jamaica,Latin America and Caribbean,73,5.51,0.89333,0.96372,0.59469,0.43597,0.04294,0.22245,2.35682,0.027601262352736567,1.706564623164823,2.3473389188611002,3.326706838787461,0.562552653748947
231,Croatia,Central and Eastern Europe,74,5.488,1.18649,0.60809,0.70524,0.23907,0.04002,0.18434,2.52462,0.0229677324454073,1.7025638904235842,2.3426480742954117,3.313259647818839,0.5579191238416178
232,Hong Kong,Eastern Asia,75,5.458,1.5107,0.87021,0.95277,0.48079,0.31647,0.40097,0.92614,0.016649282571776242,1.6970824222861467,2.336236289419373,3.294897449982626,0.5516006739679867
233,Somalia,Sub-Saharan Africa,76,5.44,0.0,0.33613,0.11466,0.56778,0.3118,0.27225,3.83772,0.012858212647597685,1.6937790608678513,2.3323807579381204,3.2838661424521045,0.5478096040438082
234,Kosovo,Central and Eastern Europe,77,5.401,0.90145,0.66062,0.54,0.14396,0.06547,0.27992,2.80998,0.004644227811877256,1.686584121610754,2.3240051635054515,3.2599287361742486,0.5395956192080876
235,Turkey,Middle East and Northern Africa,78,5.389,1.16492,0.87717,0.64718,0.23889,0.12348,0.04707,2.29074,0.0021168478624249464,1.6843598389513597,2.3214219780126144,3.2525533487148945,0.5370682392586353
236,Indonesia,Southeastern Asia,79,5.314,0.95104,0.87625,0.49374,0.39237,0.00322,0.56521,2.03171,-0.013679276821652599,1.6703448473376217,2.3052114870440845,3.206349140531512,0.5212721145745579
237,Jordan,Middle East and Northern Africa,80,5.303,0.99673,0.86216,0.60712,0.36023,0.13297,0.14262,2.20142,-0.015996041775317327,1.668272698154993,2.3028243528328427,3.199556736395016,0.5189553496208931
238,Azerbaijan,Central and Eastern Europe,81,5.291,1.12373,0.76042,0.54504,0.35327,0.17914,0.0564,2.2735,-0.018523421724769635,1.6660072639219947,2.3002173810316275,3.1921421985406173,0.5164279696714408
239,Philippines,Southeastern Asia,82,5.279,0.81217,0.87877,0.47036,0.54854,0.11757,0.21674,2.23484,-0.021050801674222134,1.6637366858414793,2.2976074512413995,3.184722802637185,0.5139005897219883
240,China,Eastern Asia,83,5.245,1.0278,0.79381,0.73561,0.44012,0.02745,0.04959,2.17087,-0.028211711531003898,1.6572752418482606,2.2901964981197573,3.1636746741445094,0.5067396798652065
241,Bhutan,Southern Asia,84,5.196,0.8527,0.90836,0.49759,0.46074,0.1616,0.48546,1.82916,-0.038531846324601285,1.647889098808353,2.279473623449063,3.1332711408029152,0.49641954507160924
242,Kyrgyzstan,Central and Eastern Europe,85,5.185,0.56044,0.95434,0.55449,0.40212,0.04762,0.38432,2.28136,-0.04084861127826601,1.6457698416814905,2.27705950734714,3.126434497370621,0.4941027801179444
243,Serbia,Central and Eastern Europe,86,5.177,1.03437,0.81329,0.6458,0.15718,0.04339,0.20737,2.27539,-0.04253353124456761,1.6442257379197642,2.275302177733762,3.121459761988064,0.4924178601516428
244,Bosnia and Herzegovina,Central and Eastern Europe,87,5.163,0.93383,0.64367,0.70766,0.09511,0.0,0.29889,2.48406,-0.04548214118559527,1.6415178058975122,2.272223580548358,3.1127486290823647,0.48946925021061516
245,Montenegro,Central and Eastern Europe,88,5.161,1.07838,0.74173,0.63533,0.15111,0.12721,0.17191,2.25531,-0.04590337117717082,1.64113035916659,2.2717834403833477,3.1115036249889503,0.4890480202190396
246,Dominican Republic,Latin America and Caribbean,89,5.155,1.02787,0.99496,0.57669,0.52259,0.12372,0.21286,1.69626,-0.04716706115189688,1.6399671174689232,2.2704625079485456,3.1077677763765132,0.48778433024431356
247,Morocco,Middle East and Northern Africa,90,5.151,0.84058,0.38595,0.59471,0.25646,0.08404,0.04053,2.94891,-0.04800952113504777,1.6391908705834481,2.2695814592122487,3.105276512994388,0.48694187026116265
248,Hungary,Central and Eastern Europe,91,5.145,1.24142,0.93164,0.67608,0.1977,0.04472,0.099,1.95473,-0.04927321110977402,1.638025369286013,2.268259244442751,3.1015385700636404,0.4856781802864364
249,Pakistan,Southern Asia,92,5.132,0.68816,0.26135,0.40306,0.14622,0.1388,0.31185,3.18286,-0.0520112060550141,1.63549544675339,2.2653917983430594,3.0934353717408376,0.4829401853411964
250,Lebanon,Middle East and Northern Africa,93,5.129,1.12268,0.64184,0.76171,0.26228,0.03061,0.23693,2.07339,-0.05264305104237722,1.6349107084071313,2.2647295644292718,3.091564561453643,0.4823083403538332
251,Portugal,Western Europe,94,5.123,1.27607,0.94367,0.79363,0.44727,0.01521,0.11691,1.53015,-0.053906741017103285,1.6337402049570653,2.2634045153264144,3.0878219925107655,0.48104465037910715
252,Macedonia,Central and Eastern Europe,95,5.121,1.0193,0.78236,0.64738,0.27668,0.07047,0.23507,2.08947,-0.054327971008678644,1.6333497324804134,2.2629626598775334,3.086574188272586,0.4806234203875318
253,Vietnam,Southeastern Asia,96,5.061,0.74037,0.79117,0.66157,0.55954,0.11556,0.25075,1.9418,-0.06696487075594075,1.621564092231941,2.24966664197165,3.0490742933780406,0.4679865206402697
254,Somaliland Region,Sub-Saharan Africa,97,5.057,0.25558,0.75862,0.33108,0.3913,0.36794,0.51479,2.43801,-0.06780733073909145,1.620773422097846,2.2487774456357394,3.0465697491516632,0.467144060657119
255,Tunisia,Middle East and Northern Africa,98,5.045,0.97724,0.43165,0.59577,0.23553,0.0817,0.03936,2.68413,-0.07033471068854395,1.6183976538055722,2.24610774452162,3.039052681021512,0.4646166807076665
256,Greece,Western Europe,99,5.033,1.24886,0.75473,0.80029,0.05822,0.04127,0.0,2.12944,-0.07286209063799627,1.616016227794223,2.2434348664492134,3.0315304474211278,0.4620893007582142
257,Tajikistan,Central and Eastern Europe,100,4.996,0.48835,0.75602,0.53119,0.43408,0.13509,0.25998,2.39106,-0.08065484548214115,1.6086375922633314,2.235173371351762,3.008304206615829,0.4542965459140692
258,Mongolia,Eastern Asia,101,4.907,0.98853,1.08983,0.55469,0.35972,0.03285,0.34539,1.53586,-0.09939958010724655,1.5906627571077663,2.2151749366585025,2.952231082399215,0.4355518112889639
259,Laos,Southeastern Asia,102,4.876,0.68042,0.5497,0.38291,0.52168,0.22423,0.43079,2.08637,-0.1059286449766652,1.5843252116190252,2.2081666603768837,2.93263119243429,0.4290227464195452
260,Nigeria,Sub-Saharan Africa,103,4.875,0.75216,0.64498,0.05108,0.27854,0.0305,0.23219,2.88586,-0.10613925997245297,1.5841201044498106,2.207940216581962,2.931998339793636,0.4288121314237575
261,Honduras,Latin America and Caribbean,104,4.871,0.69429,0.75596,0.58383,0.26755,0.06906,0.2044,2.29551,-0.10698171995560367,1.5832992548244056,2.207034209068813,2.9294665542171296,0.4279696714406068
262,Iran,Middle East and Northern Africa,105,4.813,1.11758,0.38857,0.64232,0.22544,0.0557,0.38538,1.99817,-0.11919738971129043,1.5713205903209722,2.193855054464629,2.892687858739859,0.41575400168492005
263,Zambia,Sub-Saharan Africa,106,4.795,0.61202,0.6376,0.23573,0.42662,0.11479,0.17866,2.58991,-0.12298845963546899,1.5675737083354015,2.189748844045819,2.8812478024869996,0.4119629317607415
264,Nepal,Southern Asia,107,4.793,0.44626,0.69699,0.50073,0.37012,0.07008,0.3816,2.32694,-0.12340968962704434,1.5671565201774942,2.1892921230388604,2.879975920229998,0.41154170176916616
265,Palestinian Territories,Middle East and Northern Africa,108,4.754,0.67024,0.71629,0.56844,0.17744,0.10613,0.11154,2.40364,-0.13162367446276477,1.5589863689380021,2.180366941594923,2.8551434771718815,0.4033277169334456
266,Albania,Central and Eastern Europe,109,4.655,0.9553,0.50163,0.73007,0.31866,0.05301,0.1684,1.92816,-0.15247455904574694,1.5379419107290304,2.1575449010391416,2.7918412836536923,0.3824768323504635
267,Bangladesh,Southern Asia,110,4.643,0.54177,0.24749,0.52989,0.39778,0.12583,0.19132,2.60904,-0.15500193899519943,1.5353607090377845,2.1547621678505497,2.7841420002138526,0.37994945240101097
268,Sierra Leone,Sub-Saharan Africa,111,4.635,0.36485,0.628,0.0,0.30685,0.08196,0.23897,3.01402,-0.15668685896150103,1.5336361990178184,2.1529050141610986,2.779005951919401,0.37826453243470937
269,Iraq,Middle East and Northern Africa,112,4.575,1.07474,0.59205,0.51076,0.24856,0.13636,0.19589,1.81657,-0.16932375870876296,1.5206066987274847,2.138924963620744,2.740403569028507,0.36562763268744747
270,Namibia,Sub-Saharan Africa,113,4.574,0.93287,0.70362,0.34745,0.48614,0.10398,0.07795,1.92198,-0.16953437370455074,1.5203880956005893,2.1386911885543456,2.7397589617758253,0.3654170176916597
271,Cameroon,Sub-Saharan Africa,114,4.513,0.52497,0.62542,0.12698,0.42736,0.06126,0.2268,2.5198,-0.18238188844760042,1.506962120844864,2.1243822631532208,2.7003605168278964,0.35256950294861
272,Ethiopia,Sub-Saharan Africa,115,4.508,0.29283,0.37932,0.34578,0.36703,0.1717,0.29522,2.65614,-0.1834349634265389,1.50585359617753,2.1232051243344343,2.697124339368385,0.35151642796967153
273,South Africa,Sub-Saharan Africa,116,4.459,1.02416,0.96053,0.18611,0.42483,0.08415,0.13656,1.64227,-0.19375509822013628,1.4949245256453396,2.11163443805977,2.66535470323903,0.34119629317607414
274,Sri Lanka,Southern Asia,117,4.415,0.97318,0.84783,0.62007,0.50817,0.07964,0.46978,0.91681,-0.203022158034795,1.4850078340559234,2.1011901389450696,2.6367408535629306,0.33192923336141544
275,India,Southern Asia,118,4.404,0.74036,0.29247,0.45091,0.40285,0.08722,0.25028,2.18032,-0.20533892298845974,1.4825132188604335,2.098570942331948,2.6295745458360114,0.3296124684077507
276,Myanmar,Southeastern Asia,119,4.395,0.34112,0.69981,0.3988,0.42692,0.20243,0.81971,1.50655,-0.2072344579505491,1.4804675311371402,2.0964255293236627,2.623707357569447,0.32771693344566133
277,Egypt,Middle East and Northern Africa,120,4.362,0.95395,0.49813,0.52116,0.18847,0.10393,0.12706,1.96895,-0.2141847528115431,1.4729306677794374,2.088540160016082,2.60216456903254,0.32076663858466736
278,Armenia,Central and Eastern Europe,121,4.36,0.86086,0.62477,0.64083,0.14037,0.03616,0.07793,1.97864,-0.21460598280311846,1.472472057360943,2.08806130178211,2.60085743570731,0.320345408593092
279,Kenya,Sub-Saharan Africa,122,4.356,0.52267,0.7624,0.30147,0.40576,0.06686,0.41328,1.88326,-0.21544844278626935,1.471554205070714,2.0871032557111304,2.5982426494310413,0.3195029486099411
280,Ukraine,Central and Eastern Europe,123,4.324,0.87287,1.01413,0.58628,0.12859,0.01829,0.20363,1.50066,-0.22218812265147575,1.4641808997769619,2.079422996891205,2.577299323344147,0.3127632687447347
281,Ghana,Sub-Saharan Africa,124,4.276,0.63107,0.49353,0.29681,0.40973,0.0326,0.21203,2.2002,-0.23229764244928539,1.4530179931627987,2.067849124090053,2.545800181943177,0.3026537489469251
282,Congo (Kinshasa),Sub-Saharan Africa,125,4.272,0.05661,0.80676,0.188,0.15602,0.06075,0.25458,2.74924,-0.23314010243243607,1.4520821016578938,2.0668817092422103,2.5431706569192665,0.3018112889637743
283,Georgia,Central and Eastern Europe,126,4.252,0.83792,0.19249,0.64035,0.32461,0.3188,0.06786,1.87031,-0.2373524023481902,1.4473894604797015,2.0620378270051205,2.530012347455958,0.2975989890480203
284,Congo (Brazzaville),Sub-Saharan Africa,127,4.236,0.77109,0.47799,0.28212,0.37938,0.09753,0.12077,2.10681,-0.2407222422807934,1.44361942773916,2.0581545131500696,2.519472826822085,0.294229149115417
285,Senegal,Sub-Saharan Africa,128,4.219,0.44314,0.77416,0.40457,0.31056,0.11681,0.19103,1.97861,-0.24430269720918418,1.4395981331422016,2.054020447804744,2.508261980892692,0.2906486941870262
286,Bulgaria,Central and Eastern Europe,129,4.217,1.11306,0.92542,0.67806,0.21219,0.00615,0.12793,1.15377,-0.24472392720075972,1.4391239747644227,2.0535335400231474,2.5069422009715825,0.29022746419545076
287,Mauritania,Sub-Saharan Africa,130,4.201,0.61391,0.84142,0.28639,0.1268,0.17955,0.22686,1.9263,-0.24809376713336292,1.435322592187245,2.049634113689563,2.4963774442362934,0.28685762426284744
288,Zimbabwe,Sub-Saharan Africa,131,4.193,0.35041,0.71478,0.1595,0.25429,0.08582,0.18503,2.4427,-0.24977868709966453,1.4334164681886254,2.047681615876843,2.4910907094062327,0.28517270429654584
289,Malawi,Sub-Saharan Africa,132,4.156,0.08709,0.147,0.29364,0.4143,0.07564,0.30968,2.82859,-0.25757144194380943,1.4245530732369809,2.038626988931521,2.466601545068653,0.27737994945240096
290,Sudan,Sub-Saharan Africa,133,4.139,0.63069,0.81928,0.29759,0.0,0.10039,0.18077,2.10995,-0.2611518968722002,1.4204542127665953,2.0344532435030303,2.4553286725579113,0.2737994945240102
291,Gabon,Sub-Saharan Africa,134,4.121,1.15851,0.72368,0.3494,0.28098,0.09314,0.06244,1.45332,-0.26494296679637874,1.4160958523566805,2.0300246303924494,2.4433781052282435,0.27000842459983165
292,Mali,Sub-Saharan Africa,135,4.073,0.31292,0.86333,0.16347,0.27544,0.13647,0.21064,2.11087,-0.27505248659418835,1.4043798286662756,2.0181674856165928,2.4114359479611838,0.25989890480202205
293,Haiti,Latin America and Caribbean,136,4.028,0.34097,0.29561,0.27494,0.12072,0.14476,0.47958,2.37116,-0.28453016140463505,1.3932699748563158,2.006987792688336,2.3813913024159157,0.25042122999157534
294,Botswana,Sub-Saharan Africa,137,3.974,1.09426,0.89186,0.34752,0.44089,0.10769,0.12425,0.96741,-0.29590337117717075,1.3797731441296253,1.9934894030317794,2.3452094395446097,0.2390480202190397
295,Comoros,Sub-Saharan Africa,138,3.956,0.27509,0.60323,0.29981,0.15412,0.18437,0.1827,2.25632,-0.29969444110134935,1.3752334137604656,1.988969582472291,2.3331173261826685,0.23525695029486104
296,Ivory Coast,Sub-Saharan Africa,139,3.916,0.55507,0.57576,0.04476,0.40663,0.1553,0.20338,1.97478,-0.3081190409328574,1.3650707246682638,1.9788885769542457,2.3061889004304184,0.22683235046335304
297,Cambodia,Southeastern Asia,140,3.907,0.55604,0.5375,0.42494,0.58852,0.08092,0.40339,1.31573,-0.3100145758949467,1.3627698160729336,1.9766132651583617,2.300119078251624,0.22493681550126376
298,Angola,Sub-Saharan Africa,141,3.866,0.84731,0.66366,0.04991,0.00589,0.08434,0.12071,2.09459,-0.31864979072224237,1.3522203807861393,1.9662146373170961,2.272416369913398,0.2163016006739681
299,Niger,Sub-Saharan Africa,142,3.856,0.1327,0.6053,0.26162,0.38041,0.17176,0.2097,2.09469,-0.3207559406801194,1.349630376748299,1.9636700333813724,2.2656467653640804,0.21419545071609103
300,South Sudan,Sub-Saharan Africa,143,3.832,0.39394,0.18519,0.15781,0.19662,0.13015,0.25899,2.50929,-0.3258107005790242,1.343386860108614,1.957549488518745,2.2493789882030693,0.20914069081718623
301,Chad,Sub-Saharan Africa,144,3.763,0.42214,0.63178,0.03824,0.12807,0.04952,0.18667,2.30637,-0.3403431352883755,1.3252165116113002,1.939845354661036,2.2024442407159817,0.19460825610783494
302,Burkina Faso,Sub-Saharan Africa,145,3.739,0.31995,0.63054,0.21297,0.3337,0.12533,0.24353,1.87319,-0.3453978951872803,1.3188181959949767,1.9336493994517205,2.1860609945597527,0.18955349620893014
303,Uganda,Sub-Saharan Africa,145,3.739,0.34719,0.90981,0.19625,0.43653,0.06442,0.27102,1.51416,-0.3453978951872803,1.3188181959949767,1.9336493994517205,2.1860609945597527,0.18955349620893014
304,Yemen,Middle East and Northern Africa,147,3.724,0.57939,0.47493,0.31048,0.2287,0.05892,0.09821,1.97295,-0.34855712012409573,1.3147983594148207,1.929766825292631,2.175806044928951,0.1863942712721146
305,Madagascar,Sub-Saharan Africa,148,3.695,0.27954,0.46115,0.37109,0.13684,0.07506,0.2204,2.15075,-0.3546649550019391,1.3069805544001651,1.9222382786741086,2.155945908728014,0.18028643639427133
306,Tanzania,Sub-Saharan Africa,149,3.666,0.47155,0.77623,0.357,0.3176,0.05099,0.31472,1.37769,-0.3607727898797824,1.2991011494175133,1.9146801299433804,2.1360407059239503,0.17417860151642794
307,Liberia,Sub-Saharan Africa,150,3.622,0.10706,0.50353,0.23165,0.25748,0.04852,0.24063,2.23284,-0.3700398496944412,1.2870263594612217,1.903155274800246,2.105752615673881,0.16491154170176914
308,Guinea,Sub-Saharan Africa,151,3.607,0.22415,0.3109,0.18829,0.30953,0.1192,0.29914,2.15604,-0.3731990746312567,1.282876401921402,1.8992103622295242,2.0954028838083287,0.16175231676495372
309,Rwanda,Sub-Saharan Africa,152,3.515,0.32846,0.61586,0.31865,0.5432,0.50521,0.23552,0.96819,-0.3925756542437251,1.2570395252626283,1.8748333259252674,2.031649922074598,0.1423757371524853
310,Benin,Sub-Saharan Africa,153,3.484,0.39499,0.10419,0.21028,0.39747,0.06681,0.2018,2.10812,-0.3991047191131438,1.2481810589902564,1.8665476152512157,2.010059790423541,0.13584667228306657
311,Afghanistan,Southern Asia,154,3.36,0.38227,0.11037,0.17344,0.1643,0.07112,0.31268,2.14558,-0.42522097859081864,1.2119409739751128,1.833030277982336,1.9231372463385066,0.10973041280539175
312,Togo,Sub-Saharan Africa,155,3.303,0.28123,0.0,0.24811,0.34678,0.11587,0.17517,2.1354,-0.4372260333507176,1.1948311464086525,1.817415747703315,1.882871071975345,0.09772535804549287
313,Syria,Middle East and Northern Africa,156,3.069,0.74719,0.14866,0.62994,0.06912,0.17233,0.48397,0.81789,-0.48650994236503936,1.121351775637599,1.751856158478772,1.715408916060284,0.04844144903117098
314,Burundi,Sub-Saharan Africa,157,2.905,0.06831,0.23442,0.15747,0.0432,0.09419,0.2029,2.10404,-0.5210508016742222,1.0664333903038745,1.704406054905931,1.5958400882062285,0.013900589721988155
