,Country,Region,Happiness Rank,Happiness Score,Economy (GDP per Capita),Family,Health (Life Expectancy),Freedom,Trust (Government Corruption),Generosity,Dystopia Residual
0,Switzerland,Western Europe,-0.9936305732484076,7.587,0.6677968774641221,1.1844710486934502,0.8178915474395033,1.1428183300126786,2.674027025874931,0.4889388826396699,0.4506171476517482
1,Iceland,Western Europe,-0.9808917197452229,7.561,0.519255637912001,1.3361920110509962,0.8353102623676953,0.9761818511139287,0.30112110490643246,1.3608298962629672,0.7223976388674221
2,Denmark,Western Europe,-0.9681528662420382,7.527,0.5557798454502443,1.2163289973523654,0.6363945162298401,1.0695073356276033,3.217869474402149,0.767716535433071,0.4133159634053891
3,Norway,Western Europe,-0.9554140127388535,7.522,0.7663460022078535,1.1310579026131005,0.6651177325778885,1.1616554971925377,2.207255211219575,0.8027121609798776,0.37396866052831124
4,Canada,North America,-0.9426751592356688,7.427,0.5570572464910896,1.1070565212386327,0.7206076169513175,0.9952001449012859,1.9049405345496397,1.4971253593300837,0.35402268394827346
5,Finland,Western Europe,-0.9299363057324841,7.406,0.5002207853650841,1.0945378151260505,0.6757157026590035,1.0346857453359897,2.622362419540475,0.09355080614923124,0.6010142271486086
6,Netherlands,Western Europe,-0.9171974522292994,7.378,0.5620249172054879,0.9849199953954187,0.6858517099417112,0.9172704220249952,1.807493925572275,1.6095488063992003,0.3745427513671461
7,Sweden,Western Europe,-0.9044585987261147,7.364,0.5656047941964988,1.0105329803154137,0.7348469408551747,1.116690816881,2.8331130909245923,0.9003874515685538,0.23542140475612197
8,New Zealand,Australia and New Zealand,-0.89171974522293,7.286,0.43702885980129313,1.0985956026246113,0.7280533702903573,1.0242256837529429,2.7545078647853707,1.602737157855268,0.07800275269197128
9,Australia,Australia and New Zealand,-0.8789808917197452,7.284,0.5685538558586972,1.0685507079544145,0.7910705308496041,1.0779297228762905,2.1334242721343624,1.3565804274465691,0.08125593411203623
10,Israel,Middle East and Northern Africa,-0.8662420382165605,7.278,0.4029490616621982,0.8230689536088408,0.7429992255329556,0.0,-0.24110149622746072,0.707286589176353,1.2913805412646195
11,Costa Rica,Latin America and Caribbean,-0.8535031847133758,7.226,-0.027251222204699686,0.8632151490733283,0.5973450726232693,0.9987773953993839,-0.002557653778933532,0.22765904261967232,1.4220082875164688
12,Austria,Western Europe,-0.8407643312101911,7.2,0.574310045734111,1.0334695522044435,0.679275533634968,0.9560767976815795,0.6874120806513493,0.702037245344332,0.47390462731936395
13,Mexico,Latin America and Caribbean,-0.8280254777070064,7.187,0.07487777953004252,-0.06739956256475194,0.47280533702903593,0.3107226951639196,0.9121445926936359,-0.48618922634670675,2.0474140151766065
14,United States,North America,-0.8152866242038217,7.119,0.6646428008200597,0.8897778289397951,0.6014755635266783,0.601566745154863,0.4498912997143955,1.1405449318835146,0.43991550560474624
15,Brazil,Latin America and Caribbean,-0.802547770700637,6.983,0.012900173474215366,0.8487970530678023,0.15372491474068942,0.3500271689911246,0.5889424101624111,-0.45494313210848647,1.5437891467390905
16,Luxembourg,Western Europe,-0.7898089171974523,6.946,0.9317930925721492,0.8106941406699667,0.7567765866384054,0.9175873935881179,2.3176605993435357,0.38620172478440173,-0.3557155159089399
17,Ireland,Western Europe,-0.7770700636942676,6.94,0.5723072070651316,1.2419419822723614,0.6926181062242693,0.9263720340518022,1.5422652286968757,1.5027496562929632,-0.3467508666563621
18,Belgium,Western Europe,-0.7643312101910829,6.937,0.5279293486831729,1.0007194658685394,0.6962594600470114,0.7757199782648071,1.0168378873779786,0.02474690663667036,0.29967541787188956
19,United Arab Emirates,Middle East and Northern Africa,-0.7515923566878981,6.901,0.7163065762498028,0.5405203177161276,0.4587018845364748,1.0341423655134936,2.384585873225628,0.2858392700912386,0.053243245232470364
20,United Kingdom,Western Europe,-0.7388535031847133,6.867,0.4625611102349786,1.000201450443191,0.7309338442098398,0.8289259192175327,1.8290634724412809,1.878390201224847,-0.35522974673761804
21,Oman,Middle East and Northern Africa,-0.7261146496815286,6.853,0.6103926825421855,0.41409577529641994,0.33236864631312935,0.9941586669081685,1.8680250650070336,-0.019497562804649492,0.38807068677456635
22,Venezuela,Latin America and Caribbean,-0.7133757961783439,6.81,0.11225358776218264,0.9152469206860827,0.21758447804997372,0.07195254482883541,0.03887633743978853,-1.000687414073241,1.4426608374366112
23,Singapore,Southeastern Asia,-0.7006369426751592,6.798,0.8654786311307363,0.23618625532404744,1.045666381336703,0.5856276036949827,3.2905920968498235,0.5781152355955504,-0.48024906710238646
24,Panama,Latin America and Caribbean,-0.6878980891719745,6.786,0.142674656994165,0.7498848854610335,0.4243535917607578,0.5837257743162471,-0.11449763417025448,0.1612298462692163,0.9380055495447756
25,Germany,Western Europe,-0.6751592356687898,6.75,0.5596278189560004,1.0401749740992288,0.6831886302803027,0.9127875384894041,0.9574150645807582,0.3974503187101612,-0.14068169607042172
26,Chile,Latin America and Caribbean,-0.6624203821656051,6.67,0.21146506860116704,0.5368366524692071,0.5927254446391937,0.1273772867234196,0.19233556417579606,0.7192225971753529,0.6838893918317182
27,Qatar,Middle East and Northern Africa,-0.6496815286624203,6.611,1.1313042106923197,0.4048290549096351,0.4263101400834251,1.0288444122441585,3.5461869644912403,0.6698537682789651,-0.9634716303443805
28,France,Western Europe,-0.6369426751592356,6.575,0.4805551174893547,0.927967077241856,0.829739534504545,0.6199963774678499,0.8553646788013131,-0.5950506186726661,0.0
29,Argentina,Latin America and Caribbean,-0.6242038216560509,6.574,0.12687273300741192,0.8930010360308507,0.39886411500156255,0.16550443760188355,-0.18150816317831114,-0.65010623672041,0.9196346427020543
30,Czech Republic,Central and Eastern Europe,-0.6114649681528662,6.505,0.3247437312726697,0.7727063428110968,0.5553879808149568,0.22844593370766159,-0.6787160578029755,-0.697912760904887,0.6867892865817311
31,Uruguay,Latin America and Caribbean,-0.5987261146496815,6.485,0.13972559533196657,0.7798146655922646,0.4650878408674031,0.8622984966491578,1.188882731574236,0.08661417322834636,0.1621585815540198
32,Colombia,Latin America and Caribbean,-0.5859872611464968,6.477,-0.08586973663460021,0.8698342350638889,0.13674098832864584,0.5500362253214998,-0.4683064069227163,-0.2157855268091489,0.9510918766146307
33,Thailand,Southeastern Asia,-0.5732484076433121,6.455,-0.009714556063712432,0.9413779210314263,0.26644383755214085,0.6495652961420032,-0.6331045654119954,2.2357205349331335,0.15925868680400687
34,Saudi Arabia,Middle East and Northern Africa,-0.5605095541401274,6.411,0.6660621353098879,0.42016806722689093,0.21685077242897316,-0.46508784640463685,1.8680250650070336,-0.5091863517060369,0.33482744154209665
35,Spain,Western Europe,-0.5477707006369427,6.329,0.4053777006781264,1.0816737653965698,0.8564518539654072,0.20974461148342677,-0.359350355940151,-0.22665916760404967,-0.12893491429118123
36,Malta,Western Europe,-0.535031847133758,6.302,0.36956316038479725,1.047830090940486,0.6705525890297425,0.8624343416047817,0.2534634894923058,1.8683914510686164,-0.8279567518234741
37,Taiwan,Eastern Asia,-0.5222929936305732,6.298,0.5013720233401671,0.3978358466674343,0.6381880188589518,-0.07149972831008886,-0.2117737328956904,0.22009748781402308,0.16482295185733156
38,Kuwait,Middle East and Northern Africa,-0.5095541401273885,6.295,0.9165115912316666,0.6561816507424888,0.22954116224405235,0.6420938235826841,1.2784858689628715,-0.351581052368454,-0.49301154805802716
39,Suriname,Latin America and Caribbean,-0.4968152866242038,6.269,0.03513641381485564,0.09804880856452154,-0.0876370602861452,0.8303749320775222,0.2574704804126349,-0.30389951256092995,0.8533050703997294
40,Trinidad and Tobago,Latin America and Caribbean,-0.4840764331210191,6.168,0.3765494401513955,0.7068320478876484,-0.06962051114824923,0.6595272595544285,-0.8076218082612219,0.62429696287964,0.08472991970088403
41,El Salvador,Latin America and Caribbean,-0.4713375796178344,6.13,-0.3288440309099511,0.2507770231380221,0.10032745010122437,-0.0438779206665458,0.09915171149665376,-0.6975378077740283,1.212568173287112
42,Guatemala,Latin America and Caribbean,-0.4585987261146497,6.123,-0.35882352941176465,0.3039887187751814,0.010326227258522603,0.7432530338706755,-0.09727609872543591,0.352143482064742,0.7820736455504284
43,Uzbekistan,Central and Eastern Europe,-0.445859872611465,6.003,-0.537170793250276,1.1583400483481066,-0.11611570809385979,1.1094910342329285,1.7232618611194,0.06142982127234082,0.03849352675778569
44,Slovakia,Central and Eastern Europe,-0.43312101910828027,5.995,0.30886295536981523,0.9556233452285023,0.40372831152597205,-0.43325484513675044,-0.61230231467667,-0.31002374703162117,0.05171233632891004
45,Japan,Eastern Asia,-0.42038216560509556,5.987,0.469452767702255,0.9185852423161047,0.952893381703556,0.37565658395218243,0.6348949230572489,-0.6967254093238345,-0.7756261638219726
46,South Korea,Eastern Asia,-0.40764331210191085,5.984,0.4282447563475791,0.05701047542304593,0.8829739534504546,-0.3672794783553704,-0.23496312715802042,-0.20603674540682415,0.012541676786858184
47,Ecuador,Latin America and Caribbean,-0.39490445859872614,5.975,-0.17196025863428482,0.1758374582709795,0.4084294623568255,0.32851838435066105,0.6374525768361824,-0.6444819397575304,0.4830606401848867
48,Bahrain,Middle East and Northern Africa,-0.3821656050955414,5.96,0.5530673395363507,0.8009381834925752,0.28997676598866856,0.18896033327295772,1.7039942026514345,-0.2807149106361706,-0.6966960336211144
49,Italy,Western Europe,-0.36942675159235666,5.948,0.43854281659044286,0.7477840451248994,0.8532996372233318,-0.6829831552255026,-0.6574875314378278,0.060554930633670644,-0.27391493151390633
50,Bolivia,Latin America and Caribbean,-0.35668789808917195,5.89,-0.46006938968616934,0.11649591343386662,-0.27513960787510683,0.7288081869226587,-0.15456754337354542,-0.08236470441194867,0.900998770856794
51,Moldova,Central and Eastern Europe,-0.34394904458598724,5.889,-0.5970351679545812,0.22260273972602723,-0.06029973233331956,-0.3849393225864878,-0.7671256234281087,-0.05643044619422579,1.3187308176378374
52,Paraguay,Latin America and Caribbean,-0.33121019108280253,5.878,-0.3362403406402775,1.0557154368596755,0.05578880147828108,0.5696431805832274,-0.20213990366170775,0.7740282464691912,-0.03282621975902903
53,Kazakhstan,Central and Eastern Europe,-0.3184713375796178,5.855,0.2357356883772276,0.5309082537124437,0.008777293169744333,0.46775946386524175,-0.18406581695724455,-0.6266091738532684,0.053037161341606465
54,Slovenia,Central and Eastern Europe,-0.3057324840764331,5.848,0.334205961204857,0.9667318982387475,0.6329433823829128,0.8846223510233654,-0.5819514898333263,0.21709786276715407,-0.8764895081219128
55,Lithuania,Central and Eastern Europe,-0.2929936305732484,5.833,0.27467276454817835,0.9195349372625763,0.24682400576094804,-0.9045915595000904,-0.8169146169913467,-1.2006624171978504,0.3462650974850406
56,Nicaragua,Latin America and Caribbean,-0.2802547770700637,5.828,-0.5989749250906796,0.5868251410153101,0.279052704520442,0.6410070639376921,0.7420606163945609,0.3725159355080615,0.16605945520251433
57,Peru,Latin America and Caribbean,-0.267515923566879,5.824,-0.11491878252641535,0.10550247496258756,0.24380766043016894,0.008014852381814859,-0.39421970245961047,-0.4294463192100988,0.5641399309618969
58,Belarus,Central and Eastern Europe,-0.25477707006369427,5.813,0.09282447563475776,0.8488546103372858,0.25986766124539734,-0.1530972649882268,0.7227077028006309,-0.6754155730533684,-0.11829215335585501
59,Poland,Central and Eastern Europe,-0.24203821656050956,5.791,0.24048257372654153,0.9829342695982503,0.37658120354896135,0.5344593370766165,-0.5457180612984357,-0.3183977002874642,-0.5087475251532745
60,Malaysia,Southeastern Asia,-0.22929936305732485,5.77,0.23939441728433986,0.3807413376309428,0.22687808258264394,0.5300217351929,-0.009548574108018211,0.7012248468941381,-0.4796602559856326
61,Croatia,Central and Eastern Europe,-0.21656050955414013,5.759,0.17265415549597857,-0.4077644756532754,0.4010924061468228,-0.6989675783372576,-0.6976426957670832,-1.025496812898388,0.7991344476583722
62,Libya,Middle East and Northern Africa,-0.20382165605095542,5.754,0.24978709982652578,0.5200011511453896,0.1721490781124744,0.01580329650425644,0.034954601645423876,-0.22240969878765163,-0.17752655170129553
63,Russia,Central and Eastern Europe,-0.1910828025477707,5.716,0.25954896703989894,0.85829400253252,0.07828910718895637,-0.21010686469842416,-0.6486209983375252,-1.353268341457318,0.0922667019953341
64,Jamaica,Latin America and Caribbean,-0.17834394904458598,5.709,-0.2565525942280398,0.6132439277080693,0.1276104294895311,0.4131045100525266,-0.7088111172684259,-0.038995125609298985,0.16062767265046013
65,North Cyprus,Western Europe,-0.16560509554140126,5.695,0.3706040056773377,0.38030965810981904,0.7693311050421883,0.34903097264988214,0.31263054691163317,0.2696537932758403,-0.9014403791943587
66,Cyprus,Western Europe,-0.15286624203821655,5.689,0.3707143983598799,-0.12878439046851642,0.7693311050421883,-0.029297228762905157,-0.38083464768319203,0.5489313835770527,-0.4739193475972822
67,Algeria,Middle East and Northern Africa,-0.14012738853503184,5.605,-0.053256584134994595,0.40229653505237717,-0.06193018926887587,-0.5768882448831733,0.5771772027793173,-0.8768903887014123,0.3250678972819011
68,Kosovo,Central and Eastern Europe,-0.12738853503184713,5.589,-0.2705882352941177,-0.3624669045700473,-0.024810119702713275,-0.7503169715631226,-0.5006180996632423,0.40344956880389954,0.8162835714338289
69,Turkmenistan,Central and Eastern Europe,-0.11464968152866242,5.548,-0.02300898911843556,0.8309830781627721,-0.27606353347192203,0.28486687194348853,1.7247964533867601,-0.3046494188226473,-0.5025797287052777
70,Mauritius,Sub-Saharan Africa,-0.10191082802547771,5.477,0.05448667402617861,0.13606538505813284,0.1876384190002583,0.6677685201956168,-0.2636088494820752,0.9930008748906386,-0.6621328210676615
71,Hong Kong,Eastern Asia,-0.08917197452229299,5.474,0.6512852862324552,0.3460630827673532,1.013138765472357,0.8281561311356639,2.2601986444434976,1.1013623297087864,-2.2919031111307375
72,Estonia,Central and Eastern Europe,-0.07643312101910828,5.429,0.2817852073805392,0.834522850235985,0.36185274256443717,0.1616102155406629,0.3897011807834947,-0.8232720909886266,-0.9177210065726037
73,Indonesia,Southeastern Asia,-0.06369426751592357,5.399,-0.2283393786469012,0.4292333371704848,-0.006847919129335906,0.23963050172070283,-0.9048126518606933,1.8548306461692288,-0.5111910912878032
74,Vietnam,Southeastern Asia,-0.050955414012738856,5.36,-0.5376123639804447,-0.07387475538160496,0.28888979469829756,0.8207299402282192,-0.014663881665885158,-0.3120859892513437,-0.014028424856661023
75,Turkey,Middle East and Northern Africa,-0.03821656050955414,5.332,0.1386532092729853,0.024145274548175465,0.2480196741803559,-0.8378916862887157,0.4376145615755147,-0.5999875015623048,-0.1854460612216355
76,Kyrgyzstan,Central and Eastern Europe,-0.025477707006369428,5.286,-0.7865951742627345,0.6136180499597097,0.028342776396418565,0.09771780474551704,-0.5440129587791467,0.510936132983377,0.031560275858008385
77,Nigeria,Sub-Saharan Africa,-0.012738853503184714,5.268,-0.5026178836145718,-0.09672499136640969,-1.3053981711708038,-0.3162923383445029,-0.5612344942239653,0.3361454818147732,1.0038199121199414
78,Bhutan,Southern Asia,0.0,5.253,-0.31957104557640753,0.47778289397950957,-0.18038288563703309,0.5382629958340879,0.4119527686602158,1.633795775528059,-0.8439429736433421
79,Azerbaijan,Central and Eastern Europe,0.012738853503184714,5.212,0.08016085790884707,0.0,0.0,-0.1942130048904183,0.4648109467581738,-0.8783277090363705,-0.309906011025488
80,Pakistan,Southern Asia,0.025477707006369428,5.194,-0.5955369815486515,-1.5074824450328081,-0.341825296539355,-1.3229940228219523,-0.01270301376870289,0.7384701912260967,1.3186866568040807
81,Jordan,Middle East and Northern Africa,0.03821656050955414,5.192,-0.11209588392997953,0.3338033843674455,0.15201293495835538,-0.029795326933526416,0.3137388635491709,-0.6749781277340333,-0.48768280745140424
82,Montenegro,Central and Eastern Europe,0.03821656050955414,5.192,0.002081690585081198,-0.09312766202371378,0.2303292164295712,-1.0441496105777937,0.3139946289270643,-0.35708036495438084,-0.1635275674004724
83,China,Eastern Asia,0.06369426751592357,5.14,-0.13079955842926982,0.025382755842062683,0.4786206334325195,0.4699329831552256,-0.6677181465535617,-0.8542057242844645,-0.5164756710606692
84,Zambia,Sub-Saharan Africa,0.07643312101910828,5.129,-0.7927456237186562,-0.0627662023713595,-0.9272136849685456,0.33997464227495006,0.1581482586640522,-0.1414198225221848,0.6227266370789085
85,Romania,Central and Eastern Europe,0.08917197452229299,5.124,0.11100772748777786,-0.14979279382986088,0.3490536556203211,-0.2830556058685021,-0.8494820751097661,-0.5065616797900264,-0.4121236208939622
86,Serbia,Central and Eastern Europe,0.10191082802547771,5.123,-0.08284182305630038,0.20637158973178332,0.29323767985978083,-0.960514399565296,-0.6816999872117312,-0.16391701037370332,-0.27417989651644603
87,Portugal,Western Europe,0.11464968152866242,5.102,0.29466961047153434,0.5796592609646601,0.6378891017541001,0.45960876652780275,-0.8129076260710176,-0.5083739532558431,-1.3934803889097422
88,Latvia,Central and Eastern Europe,0.12738853503184713,5.098,0.2208799873836935,0.4538102912397837,0.22804657671979237,-0.5274406810360442,-0.3649771942538046,-0.22672165979252598,-0.8671862924772017
89,Philippines,Southeastern Asia,0.14012738853503184,5.073,-0.42223624034064033,0.2798146655922645,-0.16117066807972927,0.961148342691541,0.14203503985677135,0.19603799525059357,-0.6736882392339564
90,Somaliland region,Sub-Saharan Africa,0.15286624203821655,5.057,-1.237328497082479,0.03911016461379071,-0.5481596217339908,0.23831733381633763,2.4992540176478117,1.7787776527934005,-0.1485864853128421
91,Morocco,Middle East and Northern Africa,0.16560509554140126,5.013,-0.37576092099038,-0.8546678945550826,-0.08399570646340301,0.016844774497373666,-0.1762223453685154,-0.9175103112110987,0.3569225786982864
92,Macedonia,Central and Eastern Europe,0.17834394904458598,5.007,-0.08602744046680331,0.18530562910095566,0.25815568146306356,-0.35600434703858,-0.4506585958480755,0.03155855518060242,-0.6946940758241511
93,Mozambique,Sub-Saharan Africa,0.1910828025477707,4.971,-1.4035325658413498,0.2542016806722687,-1.492248535985543,-0.32974098895127685,0.42542307856259864,0.025934258217722703,1.2366652682402646
94,Albania,Central and Eastern Europe,0.20382165605095542,4.959,-0.14885664721652747,-0.3844537815126051,0.4695715974401828,-0.252943307371853,-0.3580715290506842,-0.47381577302837147,-0.45974371996143243
95,Bosnia and Herzegovina,Central and Eastern Europe,0.21656050955414013,4.949,-0.22209430689165743,-0.05401749740992307,0.4085925080503812,-1.452363702227857,-0.8854597382667635,0.18460192475940498,-0.21725658180426397
96,Lesotho,Sub-Saharan Africa,0.22929936305732485,4.898,-0.9424538716290803,0.2967077241855643,-1.533526270737374,-0.43253033870675595,0.16121744319877243,-0.3415823022122236,0.8641686355038385
97,Dominican Republic,Latin America and Caribbean,0.24203821656050956,4.885,-0.12252010723860593,0.6736790606653623,0.07554450468077024,0.7404908531063212,0.3087088111172684,-0.01062367204099492,-1.4693928621372367
98,Laos,Southeastern Asia,0.25477707006369427,4.876,-0.6030594543447406,-0.5752849084839419,-0.24826424272068912,0.8273863430537947,1.1625388976512214,1.2709661292338459,-0.6966665930652768
99,Mongolia,Eastern Asia,0.267515923566879,4.874,-0.22846554171266367,1.0437147461724416,-0.10263726409326206,0.1044647708748414,-0.6775224860394732,0.7109111361079864,-1.2713462430170677
100,Swaziland,Sub-Saharan Africa,0.2802547770700637,4.867,-0.4116070020501498,0.38825256129849206,-1.5347762877213003,-0.48274769063575423,-0.6439319664094805,-0.22465941757280347,0.4055436566642379
101,Greece,Western Europe,0.2929936305732484,4.857,0.2854439362876518,-0.024749625877748517,0.6567480536420331,-1.522369136026082,-0.7857112408883585,-1.3657042869641296,-0.6038994016207022
102,Lebanon,Middle East and Northern Africa,0.3057324840764331,4.839,0.08292067497240192,-0.3969149303557042,0.5408225655239883,-0.33522006882811073,-0.5141736646915896,0.0,-0.9430840454267774
103,Hungary,Central and Eastern Europe,0.3184713375796178,4.8,0.2332124270619776,0.7603890871417063,0.32228698759494023,-0.41690816880999804,-0.6696790144507441,-0.5658042744656918,-1.4286324125799492
104,Honduras,Latin America and Caribbean,0.33121019108280253,4.788,-0.5957104557640751,0.0447507770231379,0.14850745254690983,-0.053024814345227295,-0.3229464171533314,0.07330333708286459,-0.5404991646242279
105,Tajikistan,Central and Eastern Europe,0.34394904458598724,4.786,-0.9187667560321715,-0.23684816392310368,-0.1811437655402925,0.26702590110487234,0.38015260667547635,0.06999125109361322,-0.14318414331662577
106,Tunisia,Middle East and Northern Africa,0.35668789808917195,4.739,-0.14497713294433062,-0.9601703695176705,0.2648949034633623,-0.6815341423655132,-0.36276056097872894,-0.963817022872141,-0.12747760677721565
107,Palestinian Territories,Middle East and Northern Africa,0.36942675159235666,4.715,-0.5904273773852704,-0.03554161390583656,0.053533336050761694,-0.7616373845317875,0.19540474871051622,-0.6626046744156981,-0.24644689291733812
108,Bangladesh,Southern Asia,0.3821656050955414,4.694,-0.9076328654786311,-1.4587026591458507,-0.10546338944822622,-0.022595544285455505,0.16675902638646145,-0.039495063117110485,0.45104403571139434
109,Iran,Middle East and Northern Africa,0.39490445859872614,4.686,0.0563633496293958,-1.1323241625417295,0.15652386581339414,-0.5110487230574171,-0.40496184833113097,1.0143732033495811,-0.7608322845135314
110,Ukraine,Central and Eastern Europe,0.40764331210191085,4.681,-0.274388897650213,0.7622021411304247,0.09089797415725781,-0.7333816337619995,-0.652372223879961,-0.4111361079865018,-0.9418917029153508
111,Iraq,Middle East and Northern Africa,0.42038216560509556,4.677,0.019602586342848036,-0.342580867963624,-0.1034796668432995,-1.8709925738090922,0.2706850249371244,-0.24571928508936397,-0.37965068780498556
112,South Africa,Sub-Saharan Africa,0.43312101910828027,4.642,-0.08290490458918151,0.7101128122481869,-0.987975380100273,-0.3673247600072451,-0.14740611279253168,-0.6174853143357081,-0.723796065269712
113,Ghana,Sub-Saharan Africa,0.445859872611465,4.633,-0.6741523419019082,-0.7436111430873722,-0.6498186116659193,0.046323129867777646,-0.5335265782855194,0.07705286839145095,0.14415568165927015
114,Zimbabwe,Sub-Saharan Africa,0.4585987261146497,4.61,-1.107175524365242,0.2729077932542877,-0.8307178086658785,-0.6999637746785001,-0.21603648919391283,-0.17916510436195476,0.3395232101982089
115,Liberia,Sub-Saharan Africa,0.4713375796178344,4.571,-1.4222677811070807,-0.42664326004374364,-0.8109892797456486,-0.5790617641731569,-0.37350270685024944,0.15673040869891258,0.8332118910405029
116,India,Southern Asia,0.4840764331210191,4.565,-0.5173789623087841,-1.6006388856912632,-0.34011331675702094,-0.0694167723238544,-0.1808261221705956,0.28877640294963114,0.09401841506767661
117,Sudan,Sub-Saharan Africa,0.4968152866242038,4.55,-0.7128055511748934,0.2190341890180731,-0.7382437261375833,-1.414508241260641,0.3450274947781236,-0.17447819022622174,-0.003959754760169664
118,Haiti,Latin America and Caribbean,0.5095541401273885,4.518,-1.1139094780003151,-0.5609243697478994,-0.6847375643690811,-0.7649882267705125,0.559444136578712,1.5206224221972253,0.04485268681872746
119,Congo (Kinshasa),Sub-Saharan Africa,0.5222929936305732,4.517,-1.534552909635704,0.18208242200990005,-1.473905895460536,-0.8474008331823943,-0.2547423163817725,0.18622672165979248,0.9654441475855066
120,Nepal,Southern Asia,0.535031847133758,4.514,-0.9668664248541238,-0.2113502935420746,-0.19486677808122377,-0.1375203767433436,-0.4012106227886953,0.6525434320709912,-0.3752051638734937
121,Ethiopia,Sub-Saharan Africa,0.5477707006369427,4.512,-1.2337643904746882,-0.9608322781167264,-0.5432139023628038,0.09649520014490125,0.3781064836523297,0.15441819772528423,0.3496066005726192
122,Sierra Leone,Sub-Saharan Africa,0.5605095541401274,4.507,-1.0137517741681121,0.0511684125705074,-1.740376907294936,-0.021689911247962396,-0.1557611151370477,-0.022872140982377356,0.4398860650489083
123,Mauritania,Sub-Saharan Africa,0.5732484076433121,4.436,-0.8184671187509857,-0.198140900195695,-0.7655267055258902,-0.7737275855823219,0.5838271026045441,0.0028746406699161867,-0.13767875937497684
124,Kenya,Sub-Saharan Africa,0.5859872611464968,4.419,-0.9593912632076959,0.17506043513295716,-0.6144105218820907,0.04057236007969581,-0.4070079713542778,0.9803774528183975,-0.62665695128324
125,Djibouti,Sub-Saharan Africa,0.5987261146496815,4.369,-0.840261788361457,-0.9953378611718664,-0.7541950298237746,0.21531425466401002,1.4912826633701355,-0.23503312085989256,-0.23553916697947222
126,Armenia,Central and Eastern Europe,0.6114649681528662,4.35,-0.3230563002680966,-0.46281800391389466,0.24307395480916869,-0.9722876290527076,-0.5723176605993435,-0.8748281464816898,-0.666136736661588
127,Botswana,Sub-Saharan Africa,0.6242038216560509,4.332,0.03231351521841982,0.479768619776678,-1.610592535224663,0.3702227857272233,0.1586597894198389,-0.7119735033120861,-1.103211228627996
128,Myanmar,Southeastern Asia,0.6369426751592356,4.307,-1.1070493612994794,-0.6586853919650056,-0.4293264854142039,0.12216989675783373,0.717933415746622,3.6079240094988125,-1.1676271648008711
129,Georgia,Central and Eastern Europe,0.6496815286624203,4.297,-0.36454817852073806,-1.5894727754115352,0.24133480074457547,-0.03359898569099792,2.363101581482587,-1.0190601174853144,-0.9065483156321988
130,Malawi,Sub-Saharan Africa,0.6624203821656051,4.292,-1.509257214950323,-1.5154541268562227,-1.12727075096129,0.07856366600253566,-0.30998763800673523,0.7045369328833896,0.8782853820280132
131,Sri Lanka,Southern Asia,0.6751592356687898,4.271,-0.21734742154234352,0.23345228502359847,0.18372532235492345,0.5618094548089112,-0.12225585063301937,1.1857267841519807,-2.267187764504994
132,Cameroon,Sub-Saharan Africa,0.6878980891719745,4.252,-0.8682542185775114,-0.14464141821112034,-1.1044443538635034,0.3618003984785363,-0.4115264930303935,-0.07724034495688045,-0.38353684117556114
133,Bulgaria,Central and Eastern Europe,0.7006369426751592,4.218,0.061662198391420765,0.4840854149879127,0.342504653595837,-0.48596268791885533,-0.830470182019694,-0.620734908136483,-1.9303436448880151
134,Egypt,Middle East and Northern Africa,0.7133757961783439,4.194,-0.1439205172685696,-0.5494704731207555,-0.0633976005108764,-1.0881633761999636,-0.3656592352615201,-0.6601049868766405,-0.9008662883555238
135,Yemen,Middle East and Northern Africa,0.7261146496815286,4.077,-0.6727172370288597,-0.7396109128582943,-0.6516664628595497,-0.26027893497554777,-0.2352188925359138,-0.7950881139857519,-0.4241353676757414
136,Angola,Sub-Saharan Africa,0.7388535031847133,4.033,-0.3395048099668822,-0.22312075515137564,-1.2870283563635374,-1.400787900742619,-0.2976256447418901,-0.5943007124109487,-0.38547991786084895
137,Mali,Sub-Saharan Africa,0.7515923566878981,3.995,-1.1233559375492823,0.28010245193968014,-1.1810486555523851,-0.11148342691541374,0.1482586640521762,-0.19097612798400204,-0.6157933861791308
138,Congo (Brazzaville),Sub-Saharan Africa,0.7643312101910829,3.989,-0.46428008200599263,-0.791498791297341,-0.8965882688623485,0.006656402825574946,0.0914787501598534,-0.5915510561179853,-0.7800422471976269
139,Comoros,Sub-Saharan Africa,0.7770700636942676,3.956,-1.1575461283709192,-0.41786577644756545,-0.7535428470495522,-0.8332729577975002,0.7917643548318345,-0.2757780277465317,-0.3726291152376952
140,Uganda,Sub-Saharan Africa,0.7898089171974523,3.931,-1.2017662829206748,0.5613560492690226,-0.8202285357138003,0.199601521463503,-0.28526365147704513,0.45069366329208826,-1.1534809777208592
141,Senegal,Sub-Saharan Africa,0.802547770700637,3.904,-0.9589654628607472,0.11010705652123855,-0.5572086577263277,-0.2058956710740808,0.00852551259644487,-0.06317960254968134,-1.1295016449910569
142,Gabon,Sub-Saharan Africa,0.8152866242038217,3.896,0.13748620091468225,-0.09396224243121928,-0.561773937145885,-0.425873935881181,0.04075195021100638,-0.9393825771778529,-1.7845540123797534
143,Niger,Sub-Saharan Africa,0.8280254777070064,3.845,-1.425106450086737,-0.47565327500863397,-0.9331105042188071,0.28857996739721065,0.4284922630973188,-0.15416822897137875,-0.4894345205237471
144,Cambodia,Southeastern Asia,0.8407643312101911,3.819,-0.8085160069389685,-0.8937780591688733,-0.07964782130191972,1.1287357362796595,-0.28696875399633404,1.1564179477565304,-1.8095784848417935
145,Tanzania,Sub-Saharan Africa,0.8535031847133758,3.781,-1.0847815801923986,0.18634165995165186,-0.7019117107569395,-0.3822224234740082,-0.414851442943007,0.7825896762904637,-1.2224749203264955
146,Madagascar,Sub-Saharan Africa,0.8662420382165605,3.681,-1.2061504494559216,-0.7767929089444,-0.47076726585959033,-1.0023093642456076,-0.2122000085255126,-0.0325584301962256,-0.5303127323043856
147,Central African Republic,Sub-Saharan Africa,0.8789808917197452,3.678,-1.4107554013562527,-2.699234488315875,-1.5583363904400873,0.34232928817243247,-0.19813291274137856,0.12379702537182849,0.7522650827647631
148,Chad,Sub-Saharan Africa,0.89171974522293,3.667,-0.995316196183567,-0.5102739726027401,-1.3324909305832957,-0.8068284731026987,-0.4556033931540135,-0.21672290963629556,-0.39494505656266754
149,Guinea,Sub-Saharan Africa,0.9044585987261147,3.656,-1.2598801450875257,-1.3617474387015085,-1.0879495645321267,-0.16274225683752952,0.13009932222174855,0.4251343582052242,-0.32316898143036915
150,Ivory Coast,Sub-Saharan Africa,0.9171974522292994,3.655,-0.8006938968616937,-0.47997007021986904,-1.3277354311879235,0.25117732294874123,0.6231297156741549,-0.10554930633670802,-1.1688342275902166
151,Burkina Faso,Sub-Saharan Africa,0.9299363057324841,3.587,-1.1274877779530041,-0.2476401519511917,-1.003274501012242,-0.08268429632312985,0.1891811245151114,-0.006686664166979224,-1.0986037816393972
152,Afghanistan,Southern Asia,0.9426751592356688,3.575,-1.0301845134836776,-1.8276735351674924,-0.9160450549599857,-0.8107679768157942,-0.0762180826122171,0.915885514310711,-0.3814907225448414
153,Rwanda,Sub-Saharan Africa,0.9554140127388535,3.465,-1.1843242390790094,-0.47263151836076905,-0.5755784725335941,0.8097264988226771,3.8005030052431907,0.048368953880764884,-2.2681593028476374
154,Benin,Sub-Saharan Africa,0.9681528662420382,3.34,-1.0824948746254532,-1.6808737193507548,-0.8732455604016358,0.3229034595182031,-0.22191909288545975,-0.22459692538432696,-0.8508026231535247
155,Syria,Middle East and Northern Africa,0.9808917197452229,3.006,-0.48866109446459544,-1.3325659030735588,0.22141605184853053,-1.1607951458069188,0.7070207596231725,1.5826146731658541,-2.7713572832255067
156,Burundi,Sub-Saharan Africa,0.9936305732484076,2.905,-1.5104242233086262,-1.502417405318292,-1.1317816818163289,-1.3344049990943667,-0.0469755744064112,-0.1329208848893889,-0.5567797920024725
157,Togo,Sub-Saharan Africa,1.0063694267515924,2.839,-1.205456552594228,-2.296477495107633,-0.9674587969945242,-0.22034051802209734,0.010060104863804943,-0.3232720909886264,-0.9479858979737532
158,Denmark,Western Europe,-0.9936305732484076,7.526,0.7391894023024759,0.6498503510993439,0.42008722944605226,0.7526716174606047,2.885033462636941,0.8947006624171977,0.777422037728073
159,Switzerland,Western Europe,-0.9808917197452229,7.509,0.8741050307522472,0.5966098768274435,0.6048451745268277,0.7805651150153958,2.6079543032524835,0.3892638420197476,0.7115340737633131
160,Iceland,Western Europe,-0.9681528662420382,7.501,0.7153445828733637,0.7060262461148843,0.6165301158983141,0.693035681941677,0.37188285945692484,1.613798275215598,0.9128191540256285
161,Norway,Western Europe,-0.9554140127388535,7.498,0.9531304210692317,0.5438298607114079,0.4221253006154976,0.8282014127875383,2.145274734643421,1.0024371953505813,0.6674026805626093
162,Finland,Western Europe,-0.9426751592356688,7.413,0.6827314303737579,0.5661045240013817,0.4632128153915136,0.714770874841514,2.590988533185558,0.22734658167729013,0.9048554836715317
163,Canada,North America,-0.9299363057324841,7.404,0.7366188298375649,0.45519166570737907,0.5085666924822349,0.7268157942401737,1.7661451894795177,1.4360704911886015,0.7265781977963747
164,Netherlands,Western Europe,-0.9171974522292994,7.339,0.7753035798769908,0.26243237020835736,0.4670172149078113,0.629052707842782,1.6466175028773606,1.5974253218347707,0.7304643511669503
165,New Zealand,Australia and New Zealand,-0.9044585987261147,7.334,0.6112600536193028,0.6758662369057211,0.5176972513213496,0.761999637746785,2.667718146553562,1.721472315960505,0.38901278456137284
166,Australia,Australia and New Zealand,-0.89171974522293,7.313,0.7433685538558586,0.48011396339357654,0.5726979986141115,0.70268067379098,1.8515708256958952,1.5968628921384826,0.4934825969514307
167,Sweden,Western Europe,-0.8789808917197452,7.291,0.755007096672449,0.43084494071601226,0.5183766083778313,0.7652146350298858,2.5793085809284286,1.0248718910136232,0.49471910029661414
168,Israel,Middle East and Northern Africa,-0.8662420382165605,7.267,0.5749881722125847,0.16530447795556566,0.5671816193154798,-0.2212914327114654,-0.1607059124429857,0.6520434945631796,1.6178027041150542
169,Austria,Western Europe,-0.8535031847133758,7.119,0.7527519318719443,0.41988028087947527,0.44891914292313756,0.5902916138380726,0.915213777228356,0.6881014873140857,0.7097676404130516
170,United States,North America,-0.8407643312101911,7.104,0.8435577984545022,0.3162484171750891,0.3764996807021836,0.30990762543017564,0.36276056097872894,1.2012873390826149,0.7603906761759663
171,Costa Rica,Latin America and Caribbean,-0.8280254777070064,7.087,0.15096987856804897,0.24056060780476565,0.32883598961942434,0.6296866509690273,-0.005626838313653675,0.04368203974503185,1.6787299344211621
172,Puerto Rico,Latin America and Caribbean,-0.8152866242038217,7.039,0.6093202964832043,0.41211004949925156,0.3726409326213673,0.24923021191813063,0.1416940193529136,0.02174728158980117,1.1722346117894709
173,Germany,Western Europe,-0.802547770700637,6.994,0.748793565683646,0.4599113618049958,0.47397383116618436,0.5500362253214998,1.5293064495502793,0.537307836520435,0.4387378833712386
174,Brazil,Latin America and Caribbean,-0.7898089171974523,6.952,0.1805393471061345,0.29195924945320584,-0.07146836234187962,-0.0404817967759464,0.302911462551686,-0.37982752155980504,1.9078510602280174
175,Belgium,Western Europe,-0.7770700636942676,6.929,0.7133417442043839,0.3296880395994012,0.4868000923925599,0.4544013765622169,1.3329638944541542,0.14910636170478686,0.5921820603973007
176,Ireland,Western Europe,-0.7643312101910829,6.907,0.8048415076486355,0.6436053873604236,0.47310425413388774,0.5745788806375656,1.6318683660855113,1.444131983502062,-0.07563278794703641
177,Luxembourg,Western Europe,-0.7515923566878981,6.871,1.1425011827787412,0.2937147461724415,0.5569912634682536,0.6136116645535227,2.107165693337312,0.35726784151981,-0.14824791892070902
178,Mexico,Latin America and Caribbean,-0.7388535031847133,6.778,0.22397098249487465,-0.6427132496834352,0.19288305547629733,-0.16346676326752407,0.6600451852167611,-0.632358455193101,1.9839990579022135
179,Singapore,Southeastern Asia,-0.7261146496815286,6.739,1.0605425011827787,-0.20245769540693,0.8335439340208427,0.3373935881180946,3.1010699518308544,0.6781652293463317,-0.32018076501284326
180,United Kingdom,Western Europe,-0.7133757961783439,6.725,0.6777637596593595,0.4281973063197879,0.46049538716558663,0.39472015939141464,1.4310925444392346,1.7686539182602175,-0.09019114280877613
181,Chile,Latin America and Caribbean,-0.7006369426751592,6.705,0.3842296167796875,-0.09226430298146684,0.4847348469408551,-0.15984423111755114,0.07144379555820793,0.6087364079490064,1.0948795513259293
182,Panama,Latin America and Caribbean,-0.6878980891719745,6.701,0.3311780476265572,0.1473178312420858,0.1845133765404423,0.34450280746241607,-0.18670872586214252,0.14535683039620031,1.1692758359277828
183,Argentina,Latin America and Caribbean,-0.6751592356687898,6.65,0.2812017032013877,0.36891331875215827,0.15396948328102295,0.04369679405904723,-0.28279125282407613,-0.6789776277965255,1.3521900093473764
184,Czech Republic,Central and Eastern Europe,-0.6624203821656051,6.596,0.5300268096514744,0.20145044319097494,0.3350860745390563,0.004482883535591336,-0.564985719766401,-0.7452193475815524,1.1052720675366354
185,United Arab Emirates,Middle East and Northern Africa,-0.6496815286624203,6.573,0.9469484308468694,-0.19221250143893184,0.24315547765594642,0.6745154863249412,2.126944882561064,0.2960254968128982,0.005608425887080882
186,Uruguay,Latin America and Caribbean,-0.6369426751592356,6.545,0.3288282605267307,0.26908023483365967,0.22114430902593787,0.5917859083499366,0.9191355130227206,-0.2373453318335209,0.6773241478799125
187,Malta,Western Europe,-0.6242038216560509,6.488,0.5279293486831729,0.4629331184528604,0.44212557235832023,0.6192265893859806,0.5917558293192379,2.148668916385452,-0.32522982033900755
188,Colombia,Latin America and Caribbean,-0.6114649681528662,6.481,0.09030121431950774,0.24104984459537232,-0.11918640198915749,0.15468212280383997,-0.4445202267786351,-0.38920134983127114,1.4182251760913251
189,France,Western Europe,-0.5987261146496815,6.478,0.6652263049992112,0.19324853228962804,0.5366920746205791,0.23741170077884427,0.6134106313142077,-0.6057992750906138,0.3873493931565433
190,Thailand,Southeastern Asia,-0.5859872611464968,6.474,0.18331493455290945,0.3074709335789109,0.02364162556556486,0.3728491215359537,-0.6632848800034103,2.302337207849019,0.5422067168628149
191,Saudi Arabia,Middle East and Northern Africa,-0.5732484076433121,6.379,0.8144929821794668,-0.2579716818234145,-0.12983872063479104,-0.15463684115196527,1.6535231680804812,-0.39976252968378956,0.5940515356929941
192,Taiwan,Eastern Asia,-0.5732484076433121,6.379,0.6690269673553064,-0.033642224012893095,0.4217448606638677,-0.4049085310632131,-0.3395711667163989,0.22753405824271966,0.5946550670876668
193,Qatar,Middle East and Northern Africa,-0.5477707006369427,6.375,1.342390790096199,-0.1677506619085993,0.2086441391866739,0.6955261727947835,3.1916108956050984,0.6582927134108236,-0.9259349216513203
194,Spain,Western Europe,-0.535031847133758,6.361,0.5826683488408767,0.5511684125705079,0.6481338061658446,-0.17089295417496825,-0.38160194381687207,-0.2617797775278091,0.2728697917816692
195,Algeria,Middle East and Northern Africa,-0.5222929936305732,6.355,0.12553225043368535,-0.30171520663059764,-0.06089756654302349,-0.9198061945299764,0.4726544183469031,-0.925509311336083,1.7631654485636692
196,Guatemala,Latin America and Caribbean,-0.5095541401273885,6.324,-0.21845134836776545,-0.192068608265224,-0.2719058682862537,0.41025176598442287,-0.16300780084402575,0.4345706786651668,1.4534360808732072
197,Suriname,Latin America and Caribbean,-0.4968152866242038,6.269,0.19523734426746553,-0.4583573155289515,-0.356309188983546,0.4942492302119182,0.17724540688008872,-0.3242719660042496,1.2619105448710872
198,Kuwait,Middle East and Northern Africa,-0.4840764331210191,6.239,1.0157388424538714,-0.17367906066536212,-0.0129349583554124,0.08363521101249766,1.1130909245918412,-0.3680164979377579,0.10243841403725741
199,Bahrain,Middle East and Northern Africa,-0.4713375796178344,6.218,0.7367607632865476,0.017382295383906805,0.04486474001005455,0.27422568375294326,1.2923824544950768,-0.2941507311586052,0.09242862505244116
200,Trinidad and Tobago,Latin America and Caribbean,-0.4585987261146497,6.168,0.5561583346475318,0.13744675952572788,-0.3107922661992689,0.3230393044738272,-0.7990110405388124,0.6299837520309962,0.4455533720476643
201,Venezuela,Latin America and Caribbean,-0.445859872611465,6.084,0.25328812490143493,0.27365603775756886,-0.0581801383170965,-0.9722876290527076,-0.19685408585191186,-1.1001124859392577,1.1237754568806264
202,Slovakia,Central and Eastern Europe,-0.43312101910828027,6.078,0.4836303422173158,0.416570737884195,0.171795812443104,-0.8118094548089113,-0.6535657956434632,-0.5009998750156232,0.5879131798008351
203,El Salvador,Latin America and Caribbean,-0.42038216560509556,6.068,-0.15669452767702252,-0.3688845401174171,-0.12078968464245435,-0.18339069009237446,0.0,-0.8109611298587677,1.486865832026909
204,Malaysia,Southeastern Asia,-0.40764331210191085,6.005,0.43898438732061174,-0.16599516518936366,-0.04562561991331396,-0.103604419489223,-0.1306108529775353,1.2260967379077614,0.20988172256692228
205,Nicaragua,Latin America and Caribbean,-0.39490445859872614,5.992,-0.4403406402775587,-0.12294232761597819,0.03173956167882722,0.23831733381633763,0.4841638603521038,0.49487564054493177,0.9023824769811656
206,Uzbekistan,Central and Eastern Europe,-0.3821656050955414,5.987,-0.3739946380697052,0.6623978358466672,-0.3772333863231836,0.8843053794602427,1.5107208320900298,0.7794025746781652,0.1989003952394623
207,Italy,Western Europe,-0.36942675159235666,5.977,0.6022551648005047,0.29854955680902523,0.5722088615334449,-1.0184749139648612,-0.6869005498955626,-0.32308461442319725,0.2030220730567397
208,Ecuador,Latin America and Caribbean,-0.35668789808917195,5.976,0.0,-0.22502014504431944,0.12413212136034471,-0.04750045281651873,0.6329340551600666,-0.7361579802524686,0.8278684301559617
209,Belize,Latin America and Caribbean,-0.34394904458598724,5.956,-0.1528150134048257,-0.7234373201335332,-0.5020720390222693,0.4488317333816339,0.013470309902382866,0.11436070491188591,1.2793835147607588
210,Japan,Eastern Asia,-0.33121019108280253,5.921,0.6418703674499288,0.3528548405663636,0.7458253508879198,0.2464227495019019,0.7137559145743638,-0.7267841519810024,-0.5967895073858993
211,Kazakhstan,Central and Eastern Europe,-0.3184713375796178,5.919,0.40430531461914515,0.05039138943248509,-0.18095354556447757,-0.03618003984785363,0.044247410375548836,-0.4276340457442821,0.41509711703357016
212,Moldova,Central and Eastern Europe,-0.3057324840764331,5.897,-0.4436051096041634,-0.3068090249798553,-0.3189173765947904,-0.7298043832639013,-0.7425721471503476,-0.11604799400074993,1.720520803432769
213,Russia,Central and Eastern Europe,-0.2929936305732484,5.856,0.40879987383693417,0.3300333832163003,-0.13733882253834948,-0.3910976272414417,-0.5990877701521805,-1.1947256592925886,0.5592086378590828
214,Poland,Central and Eastern Europe,-0.2802547770700637,5.835,0.4302002838668977,0.3134568896051573,0.13622467696571966,0.17528527440681044,-0.43590945905622586,-0.4631296087989002,-0.016059823209462157
215,South Korea,Eastern Asia,-0.2802547770700637,5.835,0.609399148399306,-0.6215897317831244,0.6684873435780377,-0.7313439594276397,-0.24698409991900763,-0.18935133108361468,0.20444994001486808
216,Bolivia,Latin America and Caribbean,-0.25477707006369427,5.822,-0.2820375335120643,-0.28818924830206066,-0.4640008695770322,0.4366056873754754,-0.24442644614007422,-0.009748781402324746,1.0379120757799911
217,Lithuania,Central and Eastern Europe,-0.24203821656050956,5.813,0.4670241286863271,0.36312881316910295,0.017092623541080768,-1.0138561854736459,-0.7496483226053968,-1.2391576052993378,0.5799642297246572
218,Belarus,Central and Eastern Europe,-0.22929936305732485,5.802,0.2484781580192397,0.3223207091055601,-0.025570999605972686,-0.5537040391233471,0.5834860821006864,-0.49443819522559695,0.2569571713513952
219,North Cyprus,Western Europe,-0.21656050955414013,5.771,0.5335909162592649,-0.34439392195234286,0.5461215505645456,0.10310632131860174,0.5085468263779361,0.2792150981127359,-0.4074425725157689
220,Slovenia,Central and Eastern Europe,-0.20382165605095542,5.768,0.514761078694212,0.34016346264533215,0.4104947078085302,0.5363611664553523,-0.5949102689799226,0.2427196600424946,-0.6124224425357147
221,Peru,Latin America and Caribbean,-0.1910828025477707,5.743,0.0362087998738369,-0.3608265223897781,-0.028560170654492338,-0.1728400652055786,-0.45364252525683113,-0.45788026496687917,0.7653219692787804
222,Turkmenistan,Central and Eastern Europe,-0.17834394904458598,5.658,0.16891657467276458,0.2884770346494763,-0.544545442193508,-0.17709654048179665,1.5221450189692656,0.04455693038370202,0.005343460884541859
223,Mauritius,Sub-Saharan Africa,-0.16560509554140126,5.648,0.26913736003784894,-0.5208357315528954,0.058261661163874545,0.21852925194711112,-0.46123023146766706,0.9434445694288214,-0.013292410960718423
224,Libya,Middle East and Northern Africa,-0.15286624203821655,5.615,0.14795773537296955,0.036922988373431595,-0.3190532480060871,-0.029297228762905157,-0.023359904514258976,-0.2979002624671917,0.2686156314631226
225,Latvia,Central and Eastern Europe,-0.14012738853503184,5.56,0.3860905219996846,0.035455278001611606,-0.002527208250112057,-0.6032874479261003,-0.14689458203674494,-0.27552805899262606,-0.003930314204331778
226,Cyprus,Western Europe,-0.12738853503184713,5.546,0.5448825106450086,-0.6646713479912516,0.5661761708718869,-0.5348668719434885,-0.4590988533185559,0.37820272465941734,-0.24478350151250797
227,Paraguay,Latin America and Caribbean,-0.11464968152866242,5.538,-0.1251064500867371,0.49838839645447236,-0.1562521229908015,0.22260460061583034,-0.2742657402276313,0.21509811273590806,-0.07411659932139503
228,Romania,Central and Eastern Europe,-0.10191082802547771,5.528,0.31010881564422,-0.6040635432255098,0.09665892199622274,-0.20861257018656038,-0.8469244213308327,-0.5602424696912887,0.3541404461716237
229,Estonia,Central and Eastern Europe,-0.08917197452229299,5.517,0.4834884087683331,0.3272130770116267,0.11013736599682078,0.00869407715993469,0.6740270258749308,-0.8393325834270717,-0.5761663980215943
230,Jamaica,Latin America and Caribbean,-0.07643312101910828,5.51,-0.1257372654155497,0.07422009899850347,-0.12434951561841848,0.10315160297047644,-0.5387271409693508,0.024434445694288195,0.21426836538673869
231,Croatia,Central and Eastern Europe,-0.06369426751592357,5.488,0.3365872890711244,-0.9492344883158746,0.17606217475780925,-0.7884441224415866,-0.5636216377509699,-0.21372328458942638,0.46127462886499343
232,Hong Kong,Eastern Asia,-0.050955414012738856,5.458,0.8478788834568677,-0.19488891446989762,0.8487071835215153,0.3061039666727041,1.7932563195362121,1.140044994375703,-1.8917323559068793
233,Somalia,Sub-Saharan Africa,-0.03821656050955414,5.44,-1.534552909635704,-1.7318982387475546,-1.4287965869101482,0.7000090563303746,1.753442175710815,0.33564554430696153,2.394194322388807
234,Kosovo,Central and Eastern Europe,-0.025477707006369428,5.401,-0.11293171424065612,-0.7980603200184188,-0.2729656652943652,-1.2191179134214813,-0.3466473421714481,0.3835770528683914,0.8813324795572142
235,Turkey,Middle East and Northern Africa,-0.012738853503184714,5.389,0.3025705724649107,-0.17485898468976646,0.01828829196048863,-0.7892591921753305,0.1479176435483184,-1.0715535558055245,0.11699676889899713
236,Indonesia,Southeastern Asia,0.0,5.314,-0.03472638385112764,-0.1775066190859908,-0.39867389502574746,-0.09427639920304294,-0.8773605013001408,2.166416697912761,-0.26430259003289963
237,Jordan,Middle East and Northern Africa,0.012738853503184714,5.303,0.03732849708247905,-0.21805571543685975,-0.09057188277014624,-0.2398116283282014,0.22882475808858013,-0.47444069491313595,-0.014484753472145005
238,Azerbaijan,Central and Eastern Europe,0.025477707006369428,5.291,0.23761236398044447,-0.5108495452975714,-0.2592698270356934,-0.2713276580329651,0.6224476746664394,-1.0132483439570055,0.0916190097669045
239,Philippines,Southeastern Asia,0.03821656050955414,5.279,-0.25372969563160397,-0.17025440313111548,-0.46220736694792036,0.6128871581235283,0.09753186410332916,-0.011248593925759429,0.03471041533264203
240,China,Eastern Asia,0.050955414012738856,5.245,0.08632707774798928,-0.4147576838954762,0.2585904699792117,0.12194348849846044,-0.6707873310882818,-1.0558055243094615,-0.05945520251422336
241,Bhutan,Southern Asia,0.06369426751592357,5.196,-0.1898123324396783,-0.08509842293081646,-0.3882117963559287,0.21531425466401002,0.47291018372479643,1.6680414948131483,-0.5624618192791478
242,Kyrgyzstan,Central and Eastern Europe,0.07643312101910828,5.185,-0.6507175524365241,0.047225739610912656,-0.2335901303006832,-0.05012678862524915,-0.4988277420179889,1.0359955005624297,0.1031891482111183
243,Serbia,Central and Eastern Europe,0.08917197452229299,5.177,0.09668821952373437,-0.35869690341890215,0.014538241008709566,-1.1592555696431806,-0.5348906603009507,-0.06980377452818406,0.09440114229356653
244,Bosnia and Herzegovina,Central and Eastern Europe,0.10191082802547771,5.163,-0.06186721337328494,-0.8468401059053763,0.18263835106455248,-1.4403187828291975,-0.9048126518606933,0.5021247344081988,0.4015691816261493
245,Montenegro,Central and Eastern Europe,0.11464968152866242,5.161,0.1660936760763284,-0.5646368136295616,-0.013913232516746187,-1.1867415323310992,0.1797178055330576,-0.2914010748656418,0.06484282423252205
246,Dominican Republic,Latin America and Caribbean,0.12738853503184713,5.155,0.08643747043053149,0.1641245539311613,-0.17326322368510422,0.4953812715087845,0.1499637665714651,-0.03549556305461829,-0.7580943128206256
247,Morocco,Middle East and Northern Africa,0.14012738853503184,5.151,-0.20892603690269676,-1.5885230804650632,-0.12429516705390019,-0.709699329831552,-0.188328573255467,-1.1124234470691163,1.0858413006837575
248,Hungary,Central and Eastern Europe,0.15286624203821655,5.145,0.42321400410029947,-0.018101761252446242,0.09682196768977852,-0.9757743162470566,-0.523551728547679,-0.7470316210473692,-0.3776192894521844
249,Pakistan,Southern Asia,0.16560509554140126,5.132,-0.4492982179466961,-1.9471048693449988,-0.6450902865528063,-1.2088842600978082,0.2785284965258537,0.5831146106736659,1.430222202595185
250,Lebanon,Middle East and Northern Africa,0.17834394904458598,5.129,0.23595647374231168,-0.8521065960630833,0.329515346675906,-0.6833454084404997,-0.643846711283516,0.11492313460817391,-0.20294847166714497
251,Portugal,Western Europe,0.1910828025477707,5.123,0.4778583819586815,0.01651893634165986,0.41625565564749517,0.15431986958884258,-0.7751396052687669,-0.6351081114860644,-1.0026128493305952
252,Macedonia,Central and Eastern Europe,0.20382165605095542,5.121,0.07292225201072394,-0.4477092206745713,0.018831777605673967,-0.6181398297409889,-0.3040197791892238,0.103299587551556,-0.1792782647736387
253,Vietnam,Southeastern Asia,0.21656050955414013,5.061,-0.36696104715344585,-0.42235524346725006,0.057392084131577946,0.6626969751856548,0.080395583784475,0.20128733908261442,-0.39665260880125386
254,Somaliland Region,Sub-Saharan Africa,0.22929936305732485,5.057,-1.1314934552909635,-0.5160296995510537,-0.8406907702550306,-0.09912153595363167,2.232064452875229,1.851331083614548,0.3337823018098582
255,Tunisia,Middle East and Northern Africa,0.24203821656050956,5.045,0.00659202018609046,-1.4570047196960982,-0.12141469313441743,-0.8044738272052163,-0.20827827273114805,-1.11973503312086,0.6960777819485237
256,Greece,Western Europe,0.25477707006369427,5.033,0.43494716921621196,-0.5272245884655234,0.43435372763216884,-1.6073627965948196,-0.5529647470054138,-1.3657042869641296,-0.12044131393200638
257,Tajikistan,Central and Eastern Europe,0.267515923566879,4.996,-0.7644062450717551,-0.5235121445838611,-0.2969062079647819,0.09459337076616563,0.2468988447930431,0.25896762904636905,0.26467059698087125
258,Mongolia,Eastern Asia,0.2802547770700637,4.907,0.024396782841823027,0.43714746172441604,-0.23304664465549788,-0.24212099257380912,-0.6247495630674796,0.7927134108236469,-0.9942075706389333
259,Laos,Southeastern Asia,0.2929936305732484,4.876,-0.4615044945592177,-1.1172729365718896,-0.6998464653052351,0.4912606411881906,1.0068630376401384,1.3263967004124484,-0.18384155092848112
260,Nigeria,Sub-Saharan Africa,0.3057324840764331,4.875,-0.3483677653366976,-0.8430701047542308,-1.6015706735145856,-0.609717442492302,-0.6447845176691249,0.08530183727034119,0.9930299484054264
261,Honduras,Latin America and Caribbean,0.3184713375796178,4.871,-0.43963097303264476,-0.5236848163923107,-0.15386078615198576,-0.6594819779025537,-0.3160407519502111,-0.08836395450568688,0.12401834146628744
262,Iran,Middle East and Northern Africa,0.33121019108280253,4.813,0.22791357829995262,-1.5809830781627727,0.005081590782483562,-0.8501630139467486,-0.4299416002387144,1.0426196725409322,-0.3136744021727127
263,Zambia,Sub-Saharan Africa,0.34394904458598724,4.795,-0.5693739157861536,-0.8643087371935081,-1.0997975515971683,0.06081325846766888,0.07383093908521252,-0.2492188476440445,0.5573833233971462
264,Nepal,Southern Asia,0.35668789808917195,4.793,-0.8307837880460495,-0.6933924254633363,-0.3796790717265179,-0.19502807462416225,-0.3073447291018373,1.0189976252968378,0.17028417496522366
265,Palestinian Territories,Middle East and Northern Africa,0.36942675159235666,4.754,-0.4775587446774957,-0.6378496604121104,-0.19568200654900206,-1.0675149429451185,0.0,-0.6686664166979128,0.2831887066027813
266,Albania,Central and Eastern Europe,0.3821656050955414,4.655,-0.028008200599274554,-1.255611833774606,0.24353591760757626,-0.4280474551711646,-0.4528752291231511,-0.31333583302087253,-0.41673106788256115
267,Bangladesh,Southern Asia,0.39490445859872614,4.643,-0.6801608579088472,-1.986992057096812,-0.3004388646584872,-0.06977902553885156,0.16795259814996374,-0.17010373703287104,0.5855432150559002
268,Sierra Leone,Sub-Saharan Africa,0.40764331210191085,4.635,-0.9591704778426114,-0.891936226545413,-1.740376907294936,-0.48152508603513844,-0.2060616394560723,0.1276715410573677,1.1816850302133706
269,Iraq,Middle East and Northern Africa,0.42038216560509556,4.575,0.16035325658413496,-0.9953954184413496,-0.3524232666204703,-0.7454718348125339,0.2577262457905283,-0.14154480689913762,-0.5809946491789761
270,Namibia,Sub-Saharan Africa,0.43312101910828027,4.574,-0.06338117016243502,-0.6743121906296767,-0.7962064701966058,0.33032965042564755,-0.01832985208235645,-0.8785776777902762,-0.4258281996364088
271,Cameroon,Sub-Saharan Africa,0.445859872611465,4.513,-0.7066551017189716,-0.8993611143087377,-1.3953178711667278,0.06416410070639383,-0.382539750202481,0.05161854768153974,0.454179454908109
272,Ethiopia,Sub-Saharan Africa,0.4585987261146497,4.508,-1.0727487777953004,-1.6076033152987228,-0.800744575333904,-0.20902010505343221,0.5590178609488895,0.4791901012373452,0.6548757240536707
273,South Africa,Sub-Saharan Africa,0.4713375796178344,4.459,0.08058665825579549,0.06503971451594324,-1.2346363401676652,0.05270784278210461,-0.18739076686985806,-0.512310961129859,-0.8375690933044814
274,Sri Lanka,Southern Asia,0.4840764331210191,4.415,0.0001892445986437612,-0.2592954990215267,-0.055381187244391776,0.43008512950552436,-0.2258408286798244,1.5700537432820896,-1.9054663752051637
275,India,Southern Asia,0.4968152866242038,4.404,-0.3669768175366661,-1.8575457580292398,-0.5150613459422002,-0.0468212280383989,-0.16121744319877232,0.19835020622422192,-0.045544539880912574
276,Myanmar,Southeastern Asia,0.5095541401273885,4.395,-0.9965935972244124,-0.6852768504662141,-0.6566665307952553,0.06217170802390879,0.8210068630376403,3.75684289463817,-1.037352705219074
277,Egypt,Middle East and Northern Africa,0.5222929936305732,4.362,-0.030137202334016823,-1.2656843559341548,-0.32416201307082976,-1.017569280927368,-0.01875612771217876,-0.5716785401824772,-0.356687054251584
278,Armenia,Central and Eastern Europe,0.535031847133758,4.36,-0.17694369973190358,-0.9012317255669393,0.001032622725852381,-1.2353740264444846,-0.596530116373247,-0.8787026621672293,-0.34242310494822115
279,Kenya,Sub-Saharan Africa,0.5477707006369427,4.356,-0.7102822898596436,-0.505151375618741,-0.9211538200247285,-0.033644267342872625,-0.33479687966238975,1.216972878390201,-0.4828251157381849
280,Ukraine,Central and Eastern Europe,0.5605095541401274,4.324,-0.15800346948430843,0.21929319673074696,-0.1472030869984645,-1.2887158123528342,-0.7488810264717167,-0.09317585301837275,-1.046022948913275
281,Ghana,Sub-Saharan Africa,0.5732484076433121,4.276,-0.5393313357514586,-1.278922527915276,-0.9338170355575481,-0.015667451548632576,-0.6268809412165909,-0.040682414698162826,-0.01628062737824435
282,Congo (Kinshasa),Sub-Saharan Africa,0.5859872611464968,4.272,-1.4452767702255163,-0.37748935190514576,-1.2295004008206631,-1.1645082412606411,-0.3868877616266679,0.2252218472690911,0.7919215114781368
283,Georgia,Central and Eastern Europe,0.5987261146496815,4.252,-0.21312095883929982,-2.1452745481754354,-0.00027174282259266835,-0.4011048723057416,1.8131207638859286,-0.9416322959630047,-0.5018878756430919
284,Congo (Brazzaville),Sub-Saharan Africa,0.6114649681528662,4.236,-0.3185144299006465,-1.3236445263036727,-0.9737360561964156,-0.1530972649882268,-0.0733194083294258,-0.6109861267341583,-0.15375330286235794
285,Senegal,Sub-Saharan Africa,0.6242038216560509,4.219,-0.8357041476107869,-0.4713077011626572,-0.6409869699316566,-0.46472559318963946,0.09105247453003108,-0.1719160104986877,-0.34246726578197767
286,Bulgaria,Central and Eastern Europe,0.6369426751592356,4.217,0.22078536508437135,-0.036002072061701466,0.1022024755771139,-0.9101612026806737,-0.8523807493925574,-0.566241719785027,-1.5566546696401624
287,Mauritania,Sub-Saharan Africa,0.6496815286624203,4.201,-0.5663933133575146,-0.2777426038908718,-0.9621326376717074,-1.2968212280383988,0.6259431348309816,0.05199350081239842,-0.419469039575467
288,Zimbabwe,Sub-Saharan Africa,0.6624203821656051,4.193,-0.9819429112127424,-0.6421952342580872,-1.3069471052595822,-0.7195254482883534,-0.17315316083379523,-0.209411323584552,0.34068611215379757
289,Malawi,Sub-Saharan Africa,0.6751592356687898,4.156,-1.3972086421700045,-2.2761885576148275,-0.9424312830337367,0.0050262633580873016,-0.25994287906560387,0.5695538057742783,0.908726916764189
290,Sudan,Sub-Saharan Africa,0.6878980891719745,4.139,-0.5399306103138306,-0.34145850120870286,-0.931697441541325,-1.8709925738090922,-0.048936442303593584,-0.23603299587551574,-0.14913113559583974
291,Gabon,Sub-Saharan Africa,0.7006369426751592,4.121,0.29246175682069053,-0.6165822493380917,-0.7909074851560483,-0.5986687194348849,-0.11074640862781877,-0.9755030621172355,-1.1157087445810974
292,Mali,Sub-Saharan Africa,0.7133757961783439,4.073,-1.041066077905693,-0.2146886151720963,-1.296158915202652,-0.6237547545734466,0.2586640521761372,-0.049368828896388064,-0.14777687002730608
293,Haiti,Latin America and Caribbean,0.7261146496815286,4.028,-0.9968301529727172,-1.8485092667203873,-0.9932471908585713,-1.324352472378192,0.329340551600665,1.6312960879890013,0.2353772439223658
294,Botswana,Sub-Saharan Africa,0.7388535031847133,3.974,0.19113704463018444,-0.13258317025440333,-0.7960162502207909,0.12543017569280926,0.013299799650453917,-0.5892388451443571,-1.830981768935797
295,Comoros,Sub-Saharan Africa,0.7515923566878981,3.956,-1.1007254376281341,-0.9632209048002766,-0.9256647508797672,-1.1731117551168266,0.667036105545846,-0.22397200349956262,0.06632957230232554
296,Ivory Coast,Sub-Saharan Africa,0.7643312101910829,3.916,-0.6591862482258319,-1.0422758144353634,-1.6187448199024441,-0.029704763629777257,0.4191994543671938,-0.09473815773028375,-0.3481051322248961
297,Cambodia,Southeastern Asia,0.7770700636942676,3.907,-0.6576565210534616,-1.1523828709566024,-0.585632956969524,0.7939232023184206,-0.21492817255637495,1.1551681039870016,-1.3182450484665147
298,Angola,Sub-Saharan Africa,0.7898089171974523,3.866,-0.1983125689954266,-0.789311615056982,-1.60475006453892,-1.8443216808549172,-0.1857709194765336,-0.611361079865017,-0.17174148247918863
299,Niger,Sub-Saharan Africa,0.802547770700637,3.856,-1.3252799243021602,-0.9572637274087723,-1.0294433348279186,-0.14843325484513661,0.5595293917046763,-0.05524309461317344,-0.1715942797000005
300,South Sudan,Sub-Saharan Africa,0.8152866242038217,3.832,-0.9132944330547232,-2.16628295153678,-1.3115395589613987,-0.9806647346495199,0.20478281256660547,0.2527809023872015,0.43870844281540067
301,Chad,Sub-Saharan Africa,0.8280254777070064,3.763,-0.8688219523734426,-0.8810579026131004,-1.636462451935488,-1.291070458250317,-0.48262926808474366,-0.19916260467441577,0.14000456328615488
302,Burkina Faso,Sub-Saharan Africa,0.8407643312101911,3.739,-1.0299794985018136,-0.8846264533210548,-1.1616462180192664,-0.3599438507516754,0.16368984185174132,0.15616797900262458,-0.49764843560246397
303,Uganda,Sub-Saharan Africa,0.8407643312101911,3.739,-0.9870209746096829,-0.08092552089328894,-1.2070816179567654,0.1056873754754572,-0.3555991303977152,0.32795900512435927,-1.0261505737228316
304,Yemen,Middle East and Northern Africa,0.8662420382165605,3.724,-0.6208326762340325,-1.3324507885345924,-0.8966697917091264,-0.8354011954356094,-0.40248944967816197,-0.751968503937008,-0.35079894308404513
305,Madagascar,Sub-Saharan Africa,0.8789808917197452,3.695,-1.0937076170950952,-1.3721077472084728,-0.731966466935692,-1.2513584495562395,-0.26488767637154187,0.011623547056617927,-0.08907240168694361
306,Tanzania,Sub-Saharan Africa,0.89171974522293,3.666,-0.7909004888818797,-0.4653505237711526,-0.7702550306390031,-0.4328473102698786,-0.4700967645679697,0.6010498687664041,-1.2270382064813379
307,Liberia,Sub-Saharan Africa,0.9044585987261147,3.622,-1.365715186879041,-1.2501438931737083,-1.1108846587589503,-0.7050806013403369,-0.49115478068118856,0.13804524434445695,0.031766359748872285
308,Guinea,Sub-Saharan Africa,0.9171974522292994,3.607,-1.181059769752405,-1.8045067342005299,-1.2287123466351444,-0.4693896033327294,0.11142844963553433,0.50368703912011,-0.08128537466787347
309,Rwanda,Sub-Saharan Africa,0.9299363057324841,3.515,-1.0165589023813277,-0.9268734891216766,-0.8744684031033029,0.5887067560224597,3.402361566989216,0.10611173603299585,-1.8298335872581273
310,Benin,Sub-Saharan Africa,0.9426751592356688,3.484,-0.9116385428165904,-2.3993898929434794,-1.1689560999470099,-0.07118275674696617,-0.3352231552922121,-0.10461192350956133,-0.15182494645498876
311,Afghanistan,Southern Asia,0.9554140127388535,3.36,-0.9316984702728275,-2.3816046966731905,-1.26906615579016,-1.1270150335084221,-0.29847819600153463,0.5883014623172104,-0.09668278537098775
312,Togo,Sub-Saharan Africa,0.9681528662420382,3.303,-1.0910424223308626,-2.699234488315875,-1.0661557901601924,-0.3007154500996197,0.08303849268937295,-0.2710286214223223,-0.11166802829237356
313,Syria,Middle East and Northern Africa,0.9808917197452229,3.069,-0.3562056457971928,-2.271411304247727,-0.028560170654492338,-1.5580057960514397,0.56438893388465,1.6587301587301588,-2.051079364378399
314,Burundi,Sub-Saharan Africa,0.9936305732484076,2.905,-1.426825421857751,-2.024605732704041,-1.312463484558214,-1.6753758377105594,-0.10179462040155171,-0.09773778277715295,-0.1578308198458785
